"Hash","Name","FullPath","SizeMB","LastWrite"
"9A8B118B259722ECA68FBC771A12487C1F569F6049695C73132AF48354338920","backend.pid","C:\RUNEFOGE_PRO\runeforge\runeforge\scripts\backend\backend.pid","0","19/04/2026 05:50:35 a. m."
"38FD8D88C493EDB732D18B5F2AE33ACAD9D1B721C806D9F02E0E70DF09C15AB6","backend.port","C:\RUNEFOGE_PRO\runeforge\runeforge\scripts\backend\backend.port","0","19/04/2026 05:50:35 a. m."
"9A8B118B259722ECA68FBC771A12487C1F569F6049695C73132AF48354338920","backend.pid","C:\RUNEFOGE_PRO\runeforge\scripts\backend\backend.pid","0","19/04/2026 05:50:35 a. m."
"38FD8D88C493EDB732D18B5F2AE33ACAD9D1B721C806D9F02E0E70DF09C15AB6","backend.port","C:\RUNEFOGE_PRO\runeforge\scripts\backend\backend.port","0","19/04/2026 05:50:35 a. m."
"E5831725AAAF28395BB1D627AB2305C1AACA65775DF24DEB6F81B92B3BC04833","start.ps1","C:\RUNEFOGE_PRO\runeforge\app\scripts\start.ps1","0","20/03/2026 12:15:06 a. m."
"E5831725AAAF28395BB1D627AB2305C1AACA65775DF24DEB6F81B92B3BC04833","start.ps1","C:\RUNEFOGE_PRO\runeforge\runeforge\app\scripts\start.ps1","0","20/03/2026 12:15:06 a. m."
"923B68A51D954BE427F4CDE837C34A52BF458A8C784D56753D0F3456657E5168",".gitignore","C:\RUNEFOGE_PRO\runeforge\app\.gitignore","0","20/03/2026 12:15:06 a. m."
"8949AD0AEE09E38FA623297626BD80B08CD40EBB30ADC8AF16320715D2EB3E4F","dev.ps1","C:\RUNEFOGE_PRO\runeforge\app\scripts\dev.ps1","0","20/03/2026 12:15:06 a. m."
"923B68A51D954BE427F4CDE837C34A52BF458A8C784D56753D0F3456657E5168",".gitignore","C:\RUNEFOGE_PRO\runeforge\runeforge\app\.gitignore","0","20/03/2026 12:15:06 a. m."
"8949AD0AEE09E38FA623297626BD80B08CD40EBB30ADC8AF16320715D2EB3E4F","dev.ps1","C:\RUNEFOGE_PRO\runeforge\runeforge\app\scripts\dev.ps1","0","20/03/2026 12:15:06 a. m."
"512A1418AEABED6C6FA17F9A24921F7E934BCA16488DBA2CCF92049E3A3D5AA3","start-runeforge.cmd","C:\RUNEFOGE_PRO\runeforge\app\retro\start-runeforge.cmd","0.0001","27/03/2026 07:04:56 a. m."
"512A1418AEABED6C6FA17F9A24921F7E934BCA16488DBA2CCF92049E3A3D5AA3","start-runeforge.cmd","C:\RUNEFOGE_PRO\runeforge\runeforge\app\retro\start-runeforge.cmd","0.0001","27/03/2026 07:04:56 a. m."
"B676FF4026DAE191ABD3E08E5CBC1B54F4A1E2A2CE1620DEEF67E2663B133B46","package-lock.json","C:\RUNEFOGE_PRO\runeforge\package-lock.json","0.0001","24/04/2026 02:58:14 a. m."
"B676FF4026DAE191ABD3E08E5CBC1B54F4A1E2A2CE1620DEEF67E2663B133B46","package-lock.json","C:\RUNEFOGE_PRO\runeforge\runeforge\package-lock.json","0.0001","24/04/2026 02:58:14 a. m."
"5741B8324FEFB7F9708A1B4DA3B29CA6F4E36A6E800B0A1DF9F89B56B49ACAE7","check-gpu.ps1","C:\RUNEFOGE_PRO\runeforge\app\ops\games\check-gpu.ps1","0.0001","21/03/2026 09:02:46 p. m."
"5741B8324FEFB7F9708A1B4DA3B29CA6F4E36A6E800B0A1DF9F89B56B49ACAE7","check-gpu.ps1","C:\RUNEFOGE_PRO\runeforge\runeforge\app\ops\games\check-gpu.ps1","0.0001","21/03/2026 09:02:46 p. m."
"71899666EF1C6903C8C5F25D358644A28C4BFD690D2A510A16DB731FA379089F","code_import_latest_terminal_export.ps1","C:\RUNEFOGE_PRO\runeforge\data\commander\snippets\code_import_latest_terminal_export.ps1","0.0002","24/04/2026 01:15:44 a. m."
"71899666EF1C6903C8C5F25D358644A28C4BFD690D2A510A16DB731FA379089F","code_import_latest_terminal_export.ps1","C:\RUNEFOGE_PRO\runeforge\runeforge\data\commander\snippets\code_import_latest_terminal_export.ps1","0.0002","24/04/2026 01:15:44 a. m."
"CC6E064AFBFA8DAC1DD87E87A56C10622C8AC4F6F9E3D54FD4E5BCB50ECFC35E","code_import_open_latest_terminal_export.ps1","C:\RUNEFOGE_PRO\runeforge\data\commander\snippets\code_import_open_latest_terminal_export.ps1","0.0002","24/04/2026 01:15:44 a. m."
"CC6E064AFBFA8DAC1DD87E87A56C10622C8AC4F6F9E3D54FD4E5BCB50ECFC35E","code_import_open_latest_terminal_export.ps1","C:\RUNEFOGE_PRO\runeforge\runeforge\data\commander\snippets\code_import_open_latest_terminal_export.ps1","0.0002","24/04/2026 01:15:44 a. m."
"F61D1F2264E833D004E871F1D323AEDC342EEBAF68920936385B1DC8D4CB353D","codex.routes.js","C:\RUNEFOGE_PRO\runeforge\app\src\modules\codex\codex.routes.js","0.0002","20/03/2026 12:15:06 a. m."
"F61D1F2264E833D004E871F1D323AEDC342EEBAF68920936385B1DC8D4CB353D","codex.routes.js","C:\RUNEFOGE_PRO\runeforge\runeforge\app\src\modules\codex\codex.routes.js","0.0002","20/03/2026 12:15:06 a. m."
"7B4AC77977001F42B75EF8B713FD42983C906050311A3D7D1582E307753323DA","sentinel.routes.js","C:\RUNEFOGE_PRO\runeforge\app\src\modules\sentinel\sentinel.routes.js","0.0002","20/03/2026 12:15:06 a. m."
"7B4AC77977001F42B75EF8B713FD42983C906050311A3D7D1582E307753323DA","sentinel.routes.js","C:\RUNEFOGE_PRO\runeforge\runeforge\app\src\modules\sentinel\sentinel.routes.js","0.0002","20/03/2026 12:15:06 a. m."
"FB9E2B2E4DC4020C558B1EE7E5D8F24E652FD549B9505E4280D4EE39906E3710","Open-TerminalExportFolder.ps1","C:\RUNEFOGE_PRO\runeforge\runeforge\scripts\Open-TerminalExportFolder.ps1","0.0002","24/04/2026 01:11:18 a. m."
"FB9E2B2E4DC4020C558B1EE7E5D8F24E652FD549B9505E4280D4EE39906E3710","Open-TerminalExportFolder.ps1","C:\RUNEFOGE_PRO\runeforge\scripts\Open-TerminalExportFolder.ps1","0.0002","24/04/2026 01:11:18 a. m."
"1D0AC98D221D73E95893B749883D0DB4F5365CCEEBC79B259D89C36A11EC29B2","ai.client.js","C:\RUNEFOGE_PRO\runeforge\app\src\adapters\ai\ai.client.js","0.0002","20/03/2026 12:15:06 a. m."
"1D0AC98D221D73E95893B749883D0DB4F5365CCEEBC79B259D89C36A11EC29B2","ai.client.js","C:\RUNEFOGE_PRO\runeforge\runeforge\app\src\adapters\ai\ai.client.js","0.0002","20/03/2026 12:15:06 a. m."
"2CF512BAA4CA8E4ECB6D4B66C1F4A826E5F970C5F7F4C44DC429C330432AB7E0","sunshine.sh","C:\RUNEFOGE_PRO\runeforge\app\_archive\source-zips\Sunshine-master\Sunshine-master\packaging\linux\flatpak\scripts\sunshine.sh","0.0003","21/03/2026 08:14:42 p. m."
"2CF512BAA4CA8E4ECB6D4B66C1F4A826E5F970C5F7F4C44DC429C330432AB7E0","sunshine.sh","C:\RUNEFOGE_PRO\runeforge\runeforge\app\_archive\source-zips\Sunshine-master\Sunshine-master\packaging\linux\flatpak\scripts\sunshine.sh","0.0003","21/03/2026 08:14:42 p. m."
"65EEC5D730AE2C8B4618203242BFD3A7E3B2F0BB9FB3B24A72FB7CF99E73E1D9","check-network.ps1","C:\RUNEFOGE_PRO\runeforge\app\ops\games\check-network.ps1","0.0003","21/03/2026 09:02:46 p. m."
"65EEC5D730AE2C8B4618203242BFD3A7E3B2F0BB9FB3B24A72FB7CF99E73E1D9","check-network.ps1","C:\RUNEFOGE_PRO\runeforge\runeforge\app\ops\games\check-network.ps1","0.0003","21/03/2026 09:02:46 p. m."
"737DA5F35E6A0803AC698633B0245E4913A4B624769BC9681C366BBAE4230A1B","chat_perfil.json","C:\RUNEFOGE_PRO\runeforge\docs\backend_perfil\chat_perfil.json","0.0003","19/04/2026 04:49:00 a. m."
"737DA5F35E6A0803AC698633B0245E4913A4B624769BC9681C366BBAE4230A1B","chat_perfil.json","C:\RUNEFOGE_PRO\runeforge\runeforge\docs\backend_perfil\chat_perfil.json","0.0003","19/04/2026 04:49:00 a. m."
"4740877A3DF7F3D362822E71C7C5EB267824E93ACF4576BEA8F68B5485E5EA2C","tools-tests-pad.tar.gz","C:\RUNEFOGE_PRO\runeforge\app\retro\tools\ps2-bios-dumper\tools-tests-pad.tar.gz","0.0003","22/03/2026 08:02:48 p. m."
"4740877A3DF7F3D362822E71C7C5EB267824E93ACF4576BEA8F68B5485E5EA2C","tools-tests-pad.tar.gz","C:\RUNEFOGE_PRO\runeforge\runeforge\app\retro\tools\ps2-bios-dumper\tools-tests-pad.tar.gz","0.0003","22/03/2026 08:02:48 p. m."
"B37C9326B8DCBAEDD867E82B6778FE6AF259D890B4C156CD88F95A9BB46E75B1","tools-bios-dumper-v2.tar.gz","C:\RUNEFOGE_PRO\runeforge\app\retro\tools\ps2-bios-dumper\tools-bios-dumper-v2.tar.gz","0.0003","22/03/2026 08:03:16 p. m."
"B37C9326B8DCBAEDD867E82B6778FE6AF259D890B4C156CD88F95A9BB46E75B1","tools-bios-dumper-v2.tar.gz","C:\RUNEFOGE_PRO\runeforge\runeforge\app\retro\tools\ps2-bios-dumper\tools-bios-dumper-v2.tar.gz","0.0003","22/03/2026 08:03:16 p. m."
"439653CEE12E1A3C3B60DF99847883FA8E41E4405D36269C976CE94853E8115C","prompt_analyze_latest_clean.txt","C:\RUNEFOGE_PRO\runeforge\data\commander\snippets\prompt_analyze_latest_clean.txt","0.0003","24/04/2026 07:42:10 p. m."
"439653CEE12E1A3C3B60DF99847883FA8E41E4405D36269C976CE94853E8115C","prompt_analyze_latest_clean.txt","C:\RUNEFOGE_PRO\runeforge\runeforge\data\commander\snippets\prompt_analyze_latest_clean.txt","0.0003","24/04/2026 07:42:10 p. m."
"3A4B6E87EBDEF62DCEB49B717CB8E85AF2BDCEBA4DB509E19AAF7420361C520F","backend_perfil.json","C:\RUNEFOGE_PRO\runeforge\docs\backend_perfil\backend_perfil.json","0.0003","19/04/2026 04:13:07 a. m."
"3A4B6E87EBDEF62DCEB49B717CB8E85AF2BDCEBA4DB509E19AAF7420361C520F","backend_perfil.json","C:\RUNEFOGE_PRO\runeforge\runeforge\docs\backend_perfil\backend_perfil.json","0.0003","19/04/2026 04:13:07 a. m."
"C7BAD09AE9E71ADEC6E84523113EAF6079B0EB7E2BDD72890DDB478F2EC3293B","chat.trace.js","C:\RUNEFOGE_PRO\runeforge\app\src\modules\chat\chat.trace.js","0.0003","27/03/2026 07:04:54 a. m."
"C7BAD09AE9E71ADEC6E84523113EAF6079B0EB7E2BDD72890DDB478F2EC3293B","chat.trace.js","C:\RUNEFOGE_PRO\runeforge\runeforge\app\src\modules\chat\chat.trace.js","0.0003","27/03/2026 07:04:54 a. m."
"8028F23CBFF196D9EDB93F5B992AAC7662DFA1DC9B7D707EFA152295D61DEA0C","trace.middleware.js","C:\RUNEFOGE_PRO\runeforge\app\src\modules\trace\trace.middleware.js","0.0004","20/03/2026 12:15:06 a. m."
"8028F23CBFF196D9EDB93F5B992AAC7662DFA1DC9B7D707EFA152295D61DEA0C","trace.middleware.js","C:\RUNEFOGE_PRO\runeforge\runeforge\app\src\modules\trace\trace.middleware.js","0.0004","20/03/2026 12:15:06 a. m."
"7B2073762DE29DFE46BBD7A3FCE01231D22EA274C117C26CE35341645030AA8D","prompt_security_audit.txt","C:\RUNEFOGE_PRO\runeforge\data\commander\snippets\prompt_security_audit.txt","0.0004","24/04/2026 01:04:37 a. m."
"7B2073762DE29DFE46BBD7A3FCE01231D22EA274C117C26CE35341645030AA8D","prompt_security_audit.txt","C:\RUNEFOGE_PRO\runeforge\runeforge\data\commander\snippets\prompt_security_audit.txt","0.0004","24/04/2026 01:04:37 a. m."
"4F248C2E5F7A759D87365E26AD9277608C17CD37499F8D27604672A5CC9A6D73","README_ESTRUCTURA.txt","C:\RUNEFOGE_PRO\runeforge\README_ESTRUCTURA.txt","0.0004","19/04/2026 03:25:06 a. m."
"BD8E275E03F44BA2F1D8EED1CA5627074359EC5D78097C7C1549EEB281C03FCA","prompt_memory_operator.txt","C:\RUNEFOGE_PRO\runeforge\data\commander\snippets\prompt_memory_operator.txt","0.0004","24/04/2026 01:04:37 a. m."
"4F248C2E5F7A759D87365E26AD9277608C17CD37499F8D27604672A5CC9A6D73","README_ESTRUCTURA.txt","C:\RUNEFOGE_PRO\runeforge\runeforge\README_ESTRUCTURA.txt","0.0004","19/04/2026 03:25:06 a. m."
"BD8E275E03F44BA2F1D8EED1CA5627074359EC5D78097C7C1549EEB281C03FCA","prompt_memory_operator.txt","C:\RUNEFOGE_PRO\runeforge\runeforge\data\commander\snippets\prompt_memory_operator.txt","0.0004","24/04/2026 01:04:37 a. m."
"39D40036B7660EA3741266D1998DB37098F107206B24ABBE82E1C67206E71984","capture_20260424_192341.txt","C:\RUNEFOGE_PRO\runeforge\data\commander\exports\capture_20260424_192341.txt","0.0004","24/04/2026 07:23:41 p. m."
"39D40036B7660EA3741266D1998DB37098F107206B24ABBE82E1C67206E71984","capture_20260424_192341.txt","C:\RUNEFOGE_PRO\runeforge\runeforge\data\commander\exports\capture_20260424_192341.txt","0.0004","24/04/2026 07:23:41 p. m."
"271A280502E6139B695A7A59F6B67F6B92C9F09F92D692E59299EF50C865C98F","validate-backend.ps1","C:\RUNEFOGE_PRO\runeforge\runeforge\scripts\backend\validate-backend.ps1","0.0004","19/04/2026 04:01:29 a. m."
"271A280502E6139B695A7A59F6B67F6B92C9F09F92D692E59299EF50C865C98F","validate-backend.ps1","C:\RUNEFOGE_PRO\runeforge\scripts\backend\validate-backend.ps1","0.0004","19/04/2026 04:01:29 a. m."
"DC0D10CB3652C232AF18E5CEF7376084E3680E86E37ADDBEA213EDFB5896794B","prompt_memory_update.txt","C:\RUNEFOGE_PRO\runeforge\data\commander\snippets\prompt_memory_update.txt","0.0004","24/04/2026 07:42:10 p. m."
"DC0D10CB3652C232AF18E5CEF7376084E3680E86E37ADDBEA213EDFB5896794B","prompt_memory_update.txt","C:\RUNEFOGE_PRO\runeforge\runeforge\data\commander\snippets\prompt_memory_update.txt","0.0004","24/04/2026 07:42:10 p. m."
"F50888E7B92857A23D54F0DC3EF68697C4BDFA12B2B960DB89DAAFBE66C58660","estructura_cerrada.json","C:\RUNEFOGE_PRO\runeforge\estructura_cerrada.json","0.0004","19/04/2026 03:25:06 a. m."
"F50888E7B92857A23D54F0DC3EF68697C4BDFA12B2B960DB89DAAFBE66C58660","estructura_cerrada.json","C:\RUNEFOGE_PRO\runeforge\runeforge\estructura_cerrada.json","0.0004","19/04/2026 03:25:06 a. m."
"F3C554165794823747C846F51E9E48B3E3680FC7BA4B7BF44F9E6B9E67CD8F9A","tools-tests-pad.zip","C:\RUNEFOGE_PRO\runeforge\app\retro\tools\ps2-bios-dumper\tools-tests-pad.zip","0.0004","22/03/2026 08:02:44 p. m."
"5219E1DFA01C7E320D584B8B722A27D374345495B453E08932FA312517713186","prompt_code_injection_safe_v41.txt","C:\RUNEFOGE_PRO\runeforge\data\commander\snippets\prompt_code_injection_safe_v41.txt","0.0004","24/04/2026 12:41:08 a. m."
"58E95E9ED3E5DB1A582172041450C77A72C142AD54E9EB82399E8B13C4C47031","prompt_security_review.txt","C:\RUNEFOGE_PRO\runeforge\data\commander\snippets\prompt_security_review.txt","0.0004","24/04/2026 07:42:10 p. m."
"F3C554165794823747C846F51E9E48B3E3680FC7BA4B7BF44F9E6B9E67CD8F9A","tools-tests-pad.zip","C:\RUNEFOGE_PRO\runeforge\runeforge\app\retro\tools\ps2-bios-dumper\tools-tests-pad.zip","0.0004","22/03/2026 08:02:44 p. m."
"5219E1DFA01C7E320D584B8B722A27D374345495B453E08932FA312517713186","prompt_code_injection_safe_v41.txt","C:\RUNEFOGE_PRO\runeforge\runeforge\data\commander\snippets\prompt_code_injection_safe_v41.txt","0.0004","24/04/2026 12:41:08 a. m."
"58E95E9ED3E5DB1A582172041450C77A72C142AD54E9EB82399E8B13C4C47031","prompt_security_review.txt","C:\RUNEFOGE_PRO\runeforge\runeforge\data\commander\snippets\prompt_security_review.txt","0.0004","24/04/2026 07:42:10 p. m."
"12AB4230E416D0B9F4CD3B666709458CE25DEC9BEE504C77747596ADFCBE42F3","Stop-Runeforge-Watcher.ps1","C:\RUNEFOGE_PRO\runeforge\runeforge\scripts\Stop-Runeforge-Watcher.ps1","0.0004","24/04/2026 06:45:40 p. m."
"12AB4230E416D0B9F4CD3B666709458CE25DEC9BEE504C77747596ADFCBE42F3","Stop-Runeforge-Watcher.ps1","C:\RUNEFOGE_PRO\runeforge\scripts\Stop-Runeforge-Watcher.ps1","0.0004","24/04/2026 06:45:40 p. m."
"C51107ACD9785C57B71F0AEF564764894C79F0635479F60C0DA631E80A750FBD","tools-bios-dumper-v2.zip","C:\RUNEFOGE_PRO\runeforge\app\retro\tools\ps2-bios-dumper\tools-bios-dumper-v2.zip","0.0004","22/03/2026 08:03:12 p. m."
"C51107ACD9785C57B71F0AEF564764894C79F0635479F60C0DA631E80A750FBD","tools-bios-dumper-v2.zip","C:\RUNEFOGE_PRO\runeforge\runeforge\app\retro\tools\ps2-bios-dumper\tools-bios-dumper-v2.zip","0.0004","22/03/2026 08:03:12 p. m."
"5F7F0B5E56A79AFE84162A538961BBEAF7A556B783FB50AF607A895527D01A84","remove-additional-install.sh","C:\RUNEFOGE_PRO\runeforge\app\_archive\source-zips\Sunshine-master\Sunshine-master\packaging\linux\flatpak\scripts\remove-additional-install.sh","0.0004","21/03/2026 08:14:42 p. m."
"5F7F0B5E56A79AFE84162A538961BBEAF7A556B783FB50AF607A895527D01A84","remove-additional-install.sh","C:\RUNEFOGE_PRO\runeforge\runeforge\app\_archive\source-zips\Sunshine-master\Sunshine-master\packaging\linux\flatpak\scripts\remove-additional-install.sh","0.0004","21/03/2026 08:14:42 p. m."
"F6C5393730FBC09E8ED1E004135E37AED198817F5A26724F5C4EA665CD42F0D1","start-steam.ps1","C:\RUNEFOGE_PRO\runeforge\app\ops\games\start-steam.ps1","0.0004","21/03/2026 09:02:46 p. m."
"F6C5393730FBC09E8ED1E004135E37AED198817F5A26724F5C4EA665CD42F0D1","start-steam.ps1","C:\RUNEFOGE_PRO\runeforge\runeforge\app\ops\games\start-steam.ps1","0.0004","21/03/2026 09:02:46 p. m."
"7B092B18BE8EC306E65D17A682A76D7D94FB54F98503EDC4EFFC6CE073689BCF","stop-sunshine.ps1","C:\RUNEFOGE_PRO\runeforge\app\ops\games\stop-sunshine.ps1","0.0005","21/03/2026 09:07:58 p. m."
"7B092B18BE8EC306E65D17A682A76D7D94FB54F98503EDC4EFFC6CE073689BCF","stop-sunshine.ps1","C:\RUNEFOGE_PRO\runeforge\runeforge\app\ops\games\stop-sunshine.ps1","0.0005","21/03/2026 09:07:58 p. m."
"2C30C3A66C48F4BB0867A6B74B2CFCC0458C72C1097A1F59ED3CF9336879BC44","general.js","C:\RUNEFOGE_PRO\runeforge\app\src\modules\chat\skills\general.js","0.0005","27/03/2026 07:04:54 a. m."
"6DA759395E439BE476547C7E8A3785813B358B7080C2B490D6734EDF6862F8AE","prompt_analyze_latest_terminal_export.txt","C:\RUNEFOGE_PRO\runeforge\data\commander\snippets\prompt_analyze_latest_terminal_export.txt","0.0005","24/04/2026 01:15:44 a. m."
"2C30C3A66C48F4BB0867A6B74B2CFCC0458C72C1097A1F59ED3CF9336879BC44","general.js","C:\RUNEFOGE_PRO\runeforge\runeforge\app\src\modules\chat\skills\general.js","0.0005","27/03/2026 07:04:54 a. m."
"6DA759395E439BE476547C7E8A3785813B358B7080C2B490D6734EDF6862F8AE","prompt_analyze_latest_terminal_export.txt","C:\RUNEFOGE_PRO\runeforge\runeforge\data\commander\snippets\prompt_analyze_latest_terminal_export.txt","0.0005","24/04/2026 01:15:44 a. m."
"E0B9D02127287808BB4F2C21592F7844628A3F73C4170E0994CA9FE159B20713","relay.routes.js","C:\RUNEFOGE_PRO\runeforge\app\src\modules\relay\relay.routes.js","0.0005","20/03/2026 12:15:06 a. m."
"E0B9D02127287808BB4F2C21592F7844628A3F73C4170E0994CA9FE159B20713","relay.routes.js","C:\RUNEFOGE_PRO\runeforge\runeforge\app\src\modules\relay\relay.routes.js","0.0005","20/03/2026 12:15:06 a. m."
"0E9AFB0BFA32195014922C2A3BAA396F34D8B2D5E712C8AE917B4FE9BFF17F70",".env","C:\RUNEFOGE_PRO\runeforge\app\.env","0.0005","27/03/2026 07:04:56 a. m."
"0E9AFB0BFA32195014922C2A3BAA396F34D8B2D5E712C8AE917B4FE9BFF17F70",".env","C:\RUNEFOGE_PRO\runeforge\runeforge\app\.env","0.0005","27/03/2026 07:04:56 a. m."
"0E9AFB0BFA32195014922C2A3BAA396F34D8B2D5E712C8AE917B4FE9BFF17F70",".env.example","C:\RUNEFOGE_PRO\runeforge\runeforge\app\.env.example","0.0005","27/03/2026 07:04:56 a. m."
"BB9743B628712FEC1CE4FEFA9CEA72F7FC6C3FA3A454B47495E09FAF4B0C1378","chat.routes.js","C:\RUNEFOGE_PRO\runeforge\app\src\modules\chat\chat.routes.js","0.0005","27/03/2026 12:54:00 a. m."
"BB9743B628712FEC1CE4FEFA9CEA72F7FC6C3FA3A454B47495E09FAF4B0C1378","chat.routes.js","C:\RUNEFOGE_PRO\runeforge\runeforge\app\src\modules\chat\chat.routes.js","0.0005","27/03/2026 12:54:00 a. m."
"7FAE30AF08C2D44B5573BC66B4AB11DB69DCE3769842965958D7F5568DCAD8B5","stop-backend.ps1","C:\RUNEFOGE_PRO\runeforge\runeforge\scripts\backend\stop-backend.ps1","0.0005","19/04/2026 04:01:29 a. m."
"7FAE30AF08C2D44B5573BC66B4AB11DB69DCE3769842965958D7F5568DCAD8B5","stop-backend.ps1","C:\RUNEFOGE_PRO\runeforge\scripts\backend\stop-backend.ps1","0.0005","19/04/2026 04:01:29 a. m."
"701690D87D50CDE85FBB4C66CC95A875C395BDB934B697F47014F105AE05A760","prompt_v44_preflight_analysis.txt","C:\RUNEFOGE_PRO\runeforge\data\commander\snippets\prompt_v44_preflight_analysis.txt","0.0005","24/04/2026 07:42:10 p. m."
"701690D87D50CDE85FBB4C66CC95A875C395BDB934B697F47014F105AE05A760","prompt_v44_preflight_analysis.txt","C:\RUNEFOGE_PRO\runeforge\runeforge\data\commander\snippets\prompt_v44_preflight_analysis.txt","0.0005","24/04/2026 07:42:10 p. m."
"92BF17FC4442F121132DAC28B27534A280915BE428531F950A56F8BA1DA90DB2","latest-terminal-export.json","C:\RUNEFOGE_PRO\runeforge\data\commander\exports\latest-terminal-export.json","0.0005","24/04/2026 06:57:50 p. m."
"92BF17FC4442F121132DAC28B27534A280915BE428531F950A56F8BA1DA90DB2","latest-terminal-export.json","C:\RUNEFOGE_PRO\runeforge\runeforge\data\commander\exports\latest-terminal-export.json","0.0005","24/04/2026 06:57:50 p. m."
"077892381F5C87CE6128B712994453A73C0559E7625AB1129EE0144A2E78E9D4","Start-Runeforge-Commander-V42.ps1","C:\RUNEFOGE_PRO\runeforge\runeforge\scripts\Start-Runeforge-Commander-V42.ps1","0.0005","24/04/2026 01:22:09 a. m."
"077892381F5C87CE6128B712994453A73C0559E7625AB1129EE0144A2E78E9D4","Start-Runeforge-Commander-V42.ps1","C:\RUNEFOGE_PRO\runeforge\scripts\Start-Runeforge-Commander-V42.ps1","0.0005","24/04/2026 01:22:09 a. m."
"7CCC4A1375A0692123151EF33C68BB6FFBA278C67CE2983C7B9A97A251A385D6","beacon.routes.js","C:\RUNEFOGE_PRO\runeforge\app\src\modules\beacon\beacon.routes.js","0.0005","20/03/2026 12:15:06 a. m."
"7CCC4A1375A0692123151EF33C68BB6FFBA278C67CE2983C7B9A97A251A385D6","beacon.routes.js","C:\RUNEFOGE_PRO\runeforge\runeforge\app\src\modules\beacon\beacon.routes.js","0.0005","20/03/2026 12:15:06 a. m."
"BB1B4EBB5E1AF4A0943A6C383104FB19BF15BCEBDDBA2B1FACD422AF59A2A207","Start-Runeforge-Commander-V41.ps1","C:\RUNEFOGE_PRO\runeforge\runeforge\scripts\Start-Runeforge-Commander-V41.ps1","0.0005","24/04/2026 01:04:37 a. m."
"BB1B4EBB5E1AF4A0943A6C383104FB19BF15BCEBDDBA2B1FACD422AF59A2A207","Start-Runeforge-Commander-V41.ps1","C:\RUNEFOGE_PRO\runeforge\scripts\Start-Runeforge-Commander-V41.ps1","0.0005","24/04/2026 01:04:37 a. m."
"6BD39AF2D4B79B0F926B686A4CEB39C0E5A4810AEC7C4B8ABC3951D3C60F2836","capture_20260424_192604.txt","C:\RUNEFOGE_PRO\runeforge\data\commander\exports\capture_20260424_192604.txt","0.0005","24/04/2026 07:26:04 p. m."
"6BD39AF2D4B79B0F926B686A4CEB39C0E5A4810AEC7C4B8ABC3951D3C60F2836","capture_20260424_192604.txt","C:\RUNEFOGE_PRO\runeforge\runeforge\data\commander\exports\capture_20260424_192604.txt","0.0005","24/04/2026 07:26:04 p. m."
"A10BB469568B3B5867E1E68526C75D76D5287FC92950F420C48BCBA4399065DE","Start-Runeforge-Commander-V43_4.ps1","C:\RUNEFOGE_PRO\runeforge\runeforge\scripts\Start-Runeforge-Commander-V43_4.ps1","0.0005","24/04/2026 07:35:55 p. m."
"A10BB469568B3B5867E1E68526C75D76D5287FC92950F420C48BCBA4399065DE","Start-Runeforge-Commander-V43_4.ps1","C:\RUNEFOGE_PRO\runeforge\scripts\Start-Runeforge-Commander-V43_4.ps1","0.0005","24/04/2026 07:35:55 p. m."
"17F0B016AEF4C40D4BF1FF42CBD71C2591D7C1778F9EBA8896B0C7F76B26374E","prompt_canonical_matrix_v41.txt","C:\RUNEFOGE_PRO\runeforge\data\commander\snippets\prompt_canonical_matrix_v41.txt","0.0006","24/04/2026 12:41:08 a. m."
"17F0B016AEF4C40D4BF1FF42CBD71C2591D7C1778F9EBA8896B0C7F76B26374E","prompt_canonical_matrix_v41.txt","C:\RUNEFOGE_PRO\runeforge\runeforge\data\commander\snippets\prompt_canonical_matrix_v41.txt","0.0006","24/04/2026 12:41:08 a. m."
"1F21F023137B0CF6EC25474BF30C2AA9DDBF469EC6D9553E5FAD50773E835E37","request_extraction_v41.txt","C:\RUNEFOGE_PRO\runeforge\data\commander\snippets\request_extraction_v41.txt","0.0006","24/04/2026 12:41:08 a. m."
"1F21F023137B0CF6EC25474BF30C2AA9DDBF469EC6D9553E5FAD50773E835E37","request_extraction_v41.txt","C:\RUNEFOGE_PRO\runeforge\runeforge\data\commander\snippets\request_extraction_v41.txt","0.0006","24/04/2026 12:41:08 a. m."
"8C54AC39EB23B1EC854B2042C182CCBA2D28D02099DEA677B5F81AA0020CC08D","package.json","C:\RUNEFOGE_PRO\runeforge\app\package.json","0.0006","20/03/2026 12:15:06 a. m."
"8C54AC39EB23B1EC854B2042C182CCBA2D28D02099DEA677B5F81AA0020CC08D","package.json","C:\RUNEFOGE_PRO\runeforge\runeforge\app\package.json","0.0006","20/03/2026 12:15:06 a. m."
"7C63BF468DE613EBE8A46E40FA42FC503385BAF806F6C2FFAD19DF079706E354","code_status_check.ps1","C:\RUNEFOGE_PRO\runeforge\data\commander\snippets\code_status_check.ps1","0.0006","24/04/2026 01:04:37 a. m."
"7C63BF468DE613EBE8A46E40FA42FC503385BAF806F6C2FFAD19DF079706E354","code_status_check.ps1","C:\RUNEFOGE_PRO\runeforge\runeforge\data\commander\snippets\code_status_check.ps1","0.0006","24/04/2026 01:04:37 a. m."
"3FDA7B691AC7A9DC03B3A3FD2089FB2881F8AC3CD94717A97DF178C242B4DFB9","check-runeforge.ps1","C:\RUNEFOGE_PRO\runeforge\app\check-runeforge.ps1","0.0007","27/03/2026 07:04:56 a. m."
"3FDA7B691AC7A9DC03B3A3FD2089FB2881F8AC3CD94717A97DF178C242B4DFB9","check-runeforge.ps1","C:\RUNEFOGE_PRO\runeforge\runeforge\app\check-runeforge.ps1","0.0007","27/03/2026 07:04:56 a. m."
"D3817126B46032016E33E0690818B86BE83F306F1036F594A2821C8E2C7A0527","README.md","C:\RUNEFOGE_PRO\runeforge\app\README.md","0.0007","20/03/2026 12:15:06 a. m."
"D3817126B46032016E33E0690818B86BE83F306F1036F594A2821C8E2C7A0527","README.md","C:\RUNEFOGE_PRO\runeforge\runeforge\app\README.md","0.0007","20/03/2026 12:15:06 a. m."
"40FCB0F56B6F5C3D8AECA23CAB75A27810F9F4454D91450DE50D0512E38AC606","logger.js","C:\RUNEFOGE_PRO\runeforge\app\src\shared\logger.js","0.0007","20/03/2026 12:15:06 a. m."
"40FCB0F56B6F5C3D8AECA23CAB75A27810F9F4454D91450DE50D0512E38AC606","logger.js","C:\RUNEFOGE_PRO\runeforge\runeforge\app\src\shared\logger.js","0.0007","20/03/2026 12:15:06 a. m."
"01614DAA2FAE28959BF00DAEF92B2637155A261B5E5A513E8229BA6577EA4478","update_clang_format.py","C:\RUNEFOGE_PRO\runeforge\app\_archive\source-zips\Sunshine-master\Sunshine-master\scripts\update_clang_format.py","0.0007","21/03/2026 08:14:42 p. m."
"01614DAA2FAE28959BF00DAEF92B2637155A261B5E5A513E8229BA6577EA4478","update_clang_format.py","C:\RUNEFOGE_PRO\runeforge\runeforge\app\_archive\source-zips\Sunshine-master\Sunshine-master\scripts\update_clang_format.py","0.0007","21/03/2026 08:14:42 p. m."
"FE54329877E231F74046EBDF1761448C0CD9EB0A2873EF2F34F36D849AFDDCA5","PROMPT_RESUME_RUNEFORGE_2026-04-24_V43.3_TO_AHK_PANEL_V44.txt","C:\RUNEFOGE_PRO\runeforge\docs\PROMPT_RESUME_RUNEFORGE_2026-04-24_V43.3_TO_AHK_PANEL_V44.txt","0.0007","24/04/2026 07:31:57 p. m."
"FE54329877E231F74046EBDF1761448C0CD9EB0A2873EF2F34F36D849AFDDCA5","PROMPT_RESUME_RUNEFORGE_2026-04-24_V43.3_TO_AHK_PANEL_V44.txt","C:\RUNEFOGE_PRO\runeforge\runeforge\docs\PROMPT_RESUME_RUNEFORGE_2026-04-24_V43.3_TO_AHK_PANEL_V44.txt","0.0007","24/04/2026 07:31:57 p. m."
"368AABCA04441D53EECB3986EAB2A18E590DE101DB620618DF5D2C30F4306966","code_backend_check.ps1","C:\RUNEFOGE_PRO\runeforge\data\commander\snippets\code_backend_check.ps1","0.0008","24/04/2026 01:04:37 a. m."
"368AABCA04441D53EECB3986EAB2A18E590DE101DB620618DF5D2C30F4306966","code_backend_check.ps1","C:\RUNEFOGE_PRO\runeforge\runeforge\data\commander\snippets\code_backend_check.ps1","0.0008","24/04/2026 01:04:37 a. m."
"CB3AE4113B8D0BDA69618B653B097DF440A3ED7DDE371CFD09DD5E3F9C561DA0","code_node_pm2_ports.ps1","C:\RUNEFOGE_PRO\runeforge\data\commander\snippets\code_node_pm2_ports.ps1","0.0008","24/04/2026 12:41:08 a. m."
"CB3AE4113B8D0BDA69618B653B097DF440A3ED7DDE371CFD09DD5E3F9C561DA0","code_node_pm2_ports.ps1","C:\RUNEFOGE_PRO\runeforge\runeforge\data\commander\snippets\code_node_pm2_ports.ps1","0.0008","24/04/2026 12:41:08 a. m."
"E9A51DA7D3783E77277662D6BE90239080A27B6F43D7C2F2628C48EC732B5F4B","terminal-export-bridge.json","C:\RUNEFOGE_PRO\runeforge\data\commander\terminal-export-bridge.json","0.0008","24/04/2026 01:11:19 a. m."
"E9A51DA7D3783E77277662D6BE90239080A27B6F43D7C2F2628C48EC732B5F4B","terminal-export-bridge.json","C:\RUNEFOGE_PRO\runeforge\runeforge\data\commander\terminal-export-bridge.json","0.0008","24/04/2026 01:11:19 a. m."
"A51976EA0724700BA8AC20390AC6F386761A8A531E89FE49D058D7EBF73A713B","additional-install.sh","C:\RUNEFOGE_PRO\runeforge\app\_archive\source-zips\Sunshine-master\Sunshine-master\packaging\linux\flatpak\scripts\additional-install.sh","0.0008","21/03/2026 08:14:42 p. m."
"A51976EA0724700BA8AC20390AC6F386761A8A531E89FE49D058D7EBF73A713B","additional-install.sh","C:\RUNEFOGE_PRO\runeforge\runeforge\app\_archive\source-zips\Sunshine-master\Sunshine-master\packaging\linux\flatpak\scripts\additional-install.sh","0.0008","21/03/2026 08:14:42 p. m."
"566B96E4C8DC17BC1C1AE43E3E5BA566A3EBADA720B98FD3B0AA7668525805C4","whatsapp.webhook.routes.js","C:\RUNEFOGE_PRO\runeforge\app\src\adapters\whatsapp\whatsapp.webhook.routes.js","0.0008","20/03/2026 12:15:06 a. m."
"566B96E4C8DC17BC1C1AE43E3E5BA566A3EBADA720B98FD3B0AA7668525805C4","whatsapp.webhook.routes.js","C:\RUNEFOGE_PRO\runeforge\runeforge\app\src\adapters\whatsapp\whatsapp.webhook.routes.js","0.0008","20/03/2026 12:15:06 a. m."
"CEA3A1E4FF6D41257831E0E5DB3FE212E5E8D8A96BD8CBAB50F3065ED1731064","system.js","C:\RUNEFOGE_PRO\runeforge\app\src\modules\chat\skills\system.js","0.0009","27/03/2026 07:04:54 a. m."
"CEA3A1E4FF6D41257831E0E5DB3FE212E5E8D8A96BD8CBAB50F3065ED1731064","system.js","C:\RUNEFOGE_PRO\runeforge\runeforge\app\src\modules\chat\skills\system.js","0.0009","27/03/2026 07:04:54 a. m."
"FEB4BCBDEC23B1CE8DB75FC2F70BBAD2377276AB1AA9D03CB448F08110681196","start-sunshine.ps1","C:\RUNEFOGE_PRO\runeforge\app\ops\games\start-sunshine.ps1","0.0009","21/03/2026 09:07:58 p. m."
"FEB4BCBDEC23B1CE8DB75FC2F70BBAD2377276AB1AA9D03CB448F08110681196","start-sunshine.ps1","C:\RUNEFOGE_PRO\runeforge\runeforge\app\ops\games\start-sunshine.ps1","0.0009","21/03/2026 09:07:58 p. m."
"5F0645A1E3E9A01C7CEEB6377C3C7F18D605375D444CBE2E3F6B46E127F2C919","chat.service.js","C:\RUNEFOGE_PRO\runeforge\app\src\modules\chat\chat.service.js","0.0009","27/03/2026 12:55:32 a. m."
"5F0645A1E3E9A01C7CEEB6377C3C7F18D605375D444CBE2E3F6B46E127F2C919","chat.service.js","C:\RUNEFOGE_PRO\runeforge\runeforge\app\src\modules\chat\chat.service.js","0.0009","27/03/2026 12:55:32 a. m."
"E83D256EB82188DD61B5A62D18D2F47260F59245F415429EDF9819762F299237","02 Retumbe Trap 808.fac","C:\RUNEFOGE_PRO\runeforge\audio\02 Retumbe Trap 808.fac","0.0009","27/04/2026 12:03:22 a. m."
"C21EFBDCEE3E64CE1B673146F7F9198EF8899813C4D975BBA7D184BEB9232709","05 Retumbe Gaming FPS.fac","C:\RUNEFOGE_PRO\runeforge\audio\05 Retumbe Gaming FPS.fac","0.0009","27/04/2026 12:03:22 a. m."
"BB4AC040432ACBDA2D76FF01373E32681D4AED2716D113EB27F8CD26A71E2B70","08 Retumbe Rock Metal Pesado.fac","C:\RUNEFOGE_PRO\runeforge\audio\08 Retumbe Rock Metal Pesado.fac","0.0009","27/04/2026 12:03:22 a. m."
"BB4BBF1BE42CBE4EAE21635C81BB83CDA544B7A637AAF37E8A81AFE0E7066D0D","12 Retumbe Electronica Rave.fac","C:\RUNEFOGE_PRO\runeforge\audio\12 Retumbe Electronica Rave.fac","0.0009","27/04/2026 12:03:22 a. m."
"8B17D8EBD489461BA7AC90C0879AB90374B45F7064D788EB731495D0BC8C1973","07 Retumbe Carro Bass Boost.fac","C:\RUNEFOGE_PRO\runeforge\audio\07 Retumbe Carro Bass Boost.fac","0.0009","27/04/2026 12:03:22 a. m."
"6C3A75FC4D7CE153055E9F13CD2F6D6AEA225A403B657B952C074D704551216B","11 Retumbe Maximo Cuidado.fac","C:\RUNEFOGE_PRO\runeforge\audio\11 Retumbe Maximo Cuidado.fac","0.0009","27/04/2026 12:03:22 a. m."
"FC63ABE3F3992C91576B032DEE9CFA6AE6B0402693BEA6A497ABEA412A72F162","04 Retumbe Subwoofer Barra 2.1.fac","C:\RUNEFOGE_PRO\runeforge\audio\04 Retumbe Subwoofer Barra 2.1.fac","0.0009","27/04/2026 12:03:22 a. m."
"997816AEB48A2AFA46296532F150FB9E5AC09DC20FDC98C0A7FFF39CF80FC989","10 Retumbe Limpio Audifonos BT.fac","C:\RUNEFOGE_PRO\runeforge\audio\10 Retumbe Limpio Audifonos BT.fac","0.0009","27/04/2026 12:03:22 a. m."
"53A2E33DDF1CAD44AA53704B74A4243CBA79143B3C09C0BBC0AD8CDA70A7C351","03 Retumbe Terror Cinematico.fac","C:\RUNEFOGE_PRO\runeforge\audio\03 Retumbe Terror Cinematico.fac","0.0009","27/04/2026 12:03:22 a. m."
"23C816759C41A26F4C51334322B1B1260382640E5276424F049DAE5A94C5C5FC","06 Retumbe Noche Bajo Controlado.fac","C:\RUNEFOGE_PRO\runeforge\audio\06 Retumbe Noche Bajo Controlado.fac","0.0009","27/04/2026 12:03:22 a. m."
"9187C96CBDD0255C9FFCDF3AB9F6AD1B80E348DCF6581D3F3B7F6A58D7DD87C5","app.js","C:\RUNEFOGE_PRO\runeforge\app\src\app.js","0.001","27/03/2026 12:51:28 a. m."
"9187C96CBDD0255C9FFCDF3AB9F6AD1B80E348DCF6581D3F3B7F6A58D7DD87C5","app.js","C:\RUNEFOGE_PRO\runeforge\runeforge\app\src\app.js","0.001","27/03/2026 12:51:28 a. m."
"076C377F6BB4B31618AEB529BFF1C6C94860DECE56FC3F514F67C0A2F8FE9183","PROMPT_ESTADO_ACTUAL_RUNEFORGE.txt","C:\RUNEFOGE_PRO\runeforge\docs\PROMPT_ESTADO_ACTUAL_RUNEFORGE.txt","0.0011","23/04/2026 11:53:33 p. m."
"076C377F6BB4B31618AEB529BFF1C6C94860DECE56FC3F514F67C0A2F8FE9183","PROMPT_ESTADO_ACTUAL_RUNEFORGE.txt","C:\RUNEFOGE_PRO\runeforge\runeforge\docs\PROMPT_ESTADO_ACTUAL_RUNEFORGE.txt","0.0011","23/04/2026 11:53:33 p. m."
"7928CEB0C88209FA5D2E03CEC59C59CF48A79DB1EFBD23CD3C9A336BBD914EA7","validate_start.err.log","C:\RUNEFOGE_PRO\runeforge\app\validate_start.err.log","0.0011","19/04/2026 03:45:07 a. m."
"7928CEB0C88209FA5D2E03CEC59C59CF48A79DB1EFBD23CD3C9A336BBD914EA7","validate_start.err.log","C:\RUNEFOGE_PRO\runeforge\runeforge\app\validate_start.err.log","0.0011","19/04/2026 03:45:07 a. m."
"210850D5118CA4F654E9B30DAB1AF588E61A947B048D21FC945A3F00DB91D8E6","skill-router.js","C:\RUNEFOGE_PRO\runeforge\app\src\modules\chat\skill-router.js","0.0011","27/03/2026 12:57:16 a. m."
"210850D5118CA4F654E9B30DAB1AF588E61A947B048D21FC945A3F00DB91D8E6","skill-router.js","C:\RUNEFOGE_PRO\runeforge\runeforge\app\src\modules\chat\skill-router.js","0.0011","27/03/2026 12:57:16 a. m."
"133624E160FA04C8A8BAED47F67D79FC5548E54621FA683C9C8A88076D5DEFE9","RUNEFORGE_MEMORY_CLAUSE_2026-04-24_V43.3.md","C:\RUNEFOGE_PRO\runeforge\docs\RUNEFORGE_MEMORY_CLAUSE_2026-04-24_V43.3.md","0.0012","24/04/2026 07:27:31 p. m."
"133624E160FA04C8A8BAED47F67D79FC5548E54621FA683C9C8A88076D5DEFE9","RUNEFORGE_MEMORY_CLAUSE_2026-04-24_V43.3.md","C:\RUNEFOGE_PRO\runeforge\runeforge\docs\RUNEFORGE_MEMORY_CLAUSE_2026-04-24_V43.3.md","0.0012","24/04/2026 07:27:31 p. m."
"FB674021C8377CEB1C4DC83A410FC4BC908F27BD8B992DF159FC212C549DA6AF","index.html","C:\RUNEFOGE_PRO\runeforge\app\public\index.html","0.0013","19/04/2026 05:54:19 a. m."
"FB674021C8377CEB1C4DC83A410FC4BC908F27BD8B992DF159FC212C549DA6AF","index.html","C:\RUNEFOGE_PRO\runeforge\runeforge\app\public\index.html","0.0013","19/04/2026 05:54:19 a. m."
"CF7131481C3A4AAA9C28DE1898CB3C527755B18479A17BCE8F47A44E14BB9F8F","start-backend.ps1","C:\RUNEFOGE_PRO\runeforge\runeforge\scripts\backend\start-backend.ps1","0.0013","19/04/2026 04:01:29 a. m."
"CF7131481C3A4AAA9C28DE1898CB3C527755B18479A17BCE8F47A44E14BB9F8F","start-backend.ps1","C:\RUNEFOGE_PRO\runeforge\scripts\backend\start-backend.ps1","0.0013","19/04/2026 04:01:29 a. m."
"47721DAAFF839A4750789F0D144D63BD2A6EF564064BFE8229DF54B0BD5AE9DF","check-game-host.ps1","C:\RUNEFOGE_PRO\runeforge\app\ops\games\check-game-host.ps1","0.0014","21/03/2026 09:07:58 p. m."
"47721DAAFF839A4750789F0D144D63BD2A6EF564064BFE8229DF54B0BD5AE9DF","check-game-host.ps1","C:\RUNEFOGE_PRO\runeforge\runeforge\app\ops\games\check-game-host.ps1","0.0014","21/03/2026 09:07:58 p. m."
"48ADAF3B4C46D605296178CE292AE3DD8CFE9A26990EE7D14E50556F77D910E3","commander-db.json","C:\RUNEFOGE_PRO\runeforge\data\commander\commander-db.json","0.0014","24/04/2026 01:15:44 a. m."
"48ADAF3B4C46D605296178CE292AE3DD8CFE9A26990EE7D14E50556F77D910E3","commander-db.json","C:\RUNEFOGE_PRO\runeforge\runeforge\data\commander\commander-db.json","0.0014","24/04/2026 01:15:44 a. m."
"86F00B342B9552767F4905D35B7F954D8ACE5EF83317E0DB0DABF37CD3C4CD22","code_secret_triage.ps1","C:\RUNEFOGE_PRO\runeforge\data\commander\snippets\code_secret_triage.ps1","0.0015","24/04/2026 01:04:37 a. m."
"86F00B342B9552767F4905D35B7F954D8ACE5EF83317E0DB0DABF37CD3C4CD22","code_secret_triage.ps1","C:\RUNEFOGE_PRO\runeforge\runeforge\data\commander\snippets\code_secret_triage.ps1","0.0015","24/04/2026 01:04:37 a. m."
"AB383FDA5364FD528EE102E590E541DC012277EBCD6EB0514F1C1226CF8779ED","capture_20260424_192800.txt","C:\RUNEFOGE_PRO\runeforge\data\commander\exports\capture_20260424_192800.txt","0.0015","24/04/2026 07:28:00 p. m."
"AB383FDA5364FD528EE102E590E541DC012277EBCD6EB0514F1C1226CF8779ED","capture_20260424_192800.txt","C:\RUNEFOGE_PRO\runeforge\runeforge\data\commander\exports\capture_20260424_192800.txt","0.0015","24/04/2026 07:28:00 p. m."
"AB383FDA5364FD528EE102E590E541DC012277EBCD6EB0514F1C1226CF8779ED","latest-terminal-export.clean.txt","C:\RUNEFOGE_PRO\runeforge\runeforge\data\commander\exports\latest-terminal-export.clean.txt","0.0015","24/04/2026 07:28:00 p. m."
"AB383FDA5364FD528EE102E590E541DC012277EBCD6EB0514F1C1226CF8779ED","latest-terminal-export.txt","C:\RUNEFOGE_PRO\runeforge\runeforge\data\commander\exports\latest-terminal-export.txt","0.0015","24/04/2026 07:28:00 p. m."
"73D35C14602D8D297633C65C6C35A0EF2F9EAD9B15712B22428C8DF56D62CF96","validate_start.out.log","C:\RUNEFOGE_PRO\runeforge\app\validate_start.out.log","0.0015","19/04/2026 04:02:09 a. m."
"73D35C14602D8D297633C65C6C35A0EF2F9EAD9B15712B22428C8DF56D62CF96","validate_start.out.log","C:\RUNEFOGE_PRO\runeforge\runeforge\app\validate_start.out.log","0.0015","19/04/2026 04:02:09 a. m."
"2F24CAE8ED1EA5929D6589CAE9FA5F2D3E4A946B0E38037314BD92B696AADA06","forge.routes.js","C:\RUNEFOGE_PRO\runeforge\app\src\modules\forge\forge.routes.js","0.0017","20/03/2026 12:15:06 a. m."
"2F24CAE8ED1EA5929D6589CAE9FA5F2D3E4A946B0E38037314BD92B696AADA06","forge.routes.js","C:\RUNEFOGE_PRO\runeforge\runeforge\app\src\modules\forge\forge.routes.js","0.0017","20/03/2026 12:15:06 a. m."
"A3171928B3D30CD70D33E127975AA779523644CBACD3A4D2185759C1723A0AFF","command-registry.js","C:\RUNEFOGE_PRO\runeforge\app\src\core\command-registry.js","0.0017","27/03/2026 07:04:56 a. m."
"A3171928B3D30CD70D33E127975AA779523644CBACD3A4D2185759C1723A0AFF","command-registry.js","C:\RUNEFOGE_PRO\runeforge\runeforge\app\src\core\command-registry.js","0.0017","27/03/2026 07:04:56 a. m."
"5FA15779CF5416D73452668359A364918EC3742895051ECF6E3377AC4396147D","telemetria.js","C:\RUNEFOGE_PRO\runeforge\app\src\modules\chat\skills\telemetria.js","0.0019","27/03/2026 07:04:54 a. m."
"5FA15779CF5416D73452668359A364918EC3742895051ECF6E3377AC4396147D","telemetria.js","C:\RUNEFOGE_PRO\runeforge\runeforge\app\src\modules\chat\skills\telemetria.js","0.0019","27/03/2026 07:04:54 a. m."
"8174ED85508551F9BDDAE748A1B2DECFCC56CA116ABE08F98FBDC1ADA61619EF","convert_and_pack.sh","C:\RUNEFOGE_PRO\runeforge\app\_archive\source-zips\Sunshine-master\Sunshine-master\scripts\icons\convert_and_pack.sh","0.0019","21/03/2026 08:14:42 p. m."
"8174ED85508551F9BDDAE748A1B2DECFCC56CA116ABE08F98FBDC1ADA61619EF","convert_and_pack.sh","C:\RUNEFOGE_PRO\runeforge\runeforge\app\_archive\source-zips\Sunshine-master\Sunshine-master\scripts\icons\convert_and_pack.sh","0.0019","21/03/2026 08:14:42 p. m."
"68E43416D7DBEBD60A5C83DBFAF7E8D91C77BE781467AE363583D25A141946D7","memory_resume_v43_3_to_ahk_panel_v44.txt","C:\RUNEFOGE_PRO\runeforge\data\commander\snippets\memory_resume_v43_3_to_ahk_panel_v44.txt","0.0031","24/04/2026 07:31:57 p. m."
"68E43416D7DBEBD60A5C83DBFAF7E8D91C77BE781467AE363583D25A141946D7","RUNEFORGE_RESUME_2026-04-24_V43.3_TO_AHK_PANEL_V44.md","C:\RUNEFOGE_PRO\runeforge\docs\RUNEFORGE_RESUME_2026-04-24_V43.3_TO_AHK_PANEL_V44.md","0.0031","24/04/2026 07:31:57 p. m."
"68E43416D7DBEBD60A5C83DBFAF7E8D91C77BE781467AE363583D25A141946D7","memory_resume_v43_3_to_ahk_panel_v44.txt","C:\RUNEFOGE_PRO\runeforge\runeforge\data\commander\snippets\memory_resume_v43_3_to_ahk_panel_v44.txt","0.0031","24/04/2026 07:31:57 p. m."
"68E43416D7DBEBD60A5C83DBFAF7E8D91C77BE781467AE363583D25A141946D7","RUNEFORGE_RESUME_2026-04-24_V43.3_TO_AHK_PANEL_V44.md","C:\RUNEFOGE_PRO\runeforge\runeforge\docs\RUNEFORGE_RESUME_2026-04-24_V43.3_TO_AHK_PANEL_V44.md","0.0031","24/04/2026 07:31:57 p. m."
"470AD0C159653B091E70669E0E4BEE8FEB2BE20AE463CBD85C6D55D9AAFD0E90","commander-ops-memory.txt","C:\RUNEFOGE_PRO\runeforge\data\commander\commander-ops-memory.txt","0.0031","24/04/2026 07:31:57 p. m."
"470AD0C159653B091E70669E0E4BEE8FEB2BE20AE463CBD85C6D55D9AAFD0E90","commander-ops-memory.txt","C:\RUNEFOGE_PRO\runeforge\runeforge\data\commander\commander-ops-memory.txt","0.0031","24/04/2026 07:31:57 p. m."
"09ACB8C7DE5E5FF1633C1F40FCB723BF5172FF65A2A1D564E9D0CE87F3968E27","capture_fix02a_source_read_20260425_025605.txt","C:\RUNEFOGE_PRO\runeforge\data\commander\exports\capture_fix02a_source_read_20260425_025605.txt","0.0033","27/04/2026 02:22:49 a. m."
"09ACB8C7DE5E5FF1633C1F40FCB723BF5172FF65A2A1D564E9D0CE87F3968E27","latest-terminal-export.clean.txt","C:\RUNEFOGE_PRO\runeforge\data\commander\exports\latest-terminal-export.clean.txt","0.0033","27/04/2026 02:22:49 a. m."
"09ACB8C7DE5E5FF1633C1F40FCB723BF5172FF65A2A1D564E9D0CE87F3968E27","latest-terminal-export.txt","C:\RUNEFOGE_PRO\runeforge\data\commander\exports\latest-terminal-export.txt","0.0033","27/04/2026 02:22:49 a. m."
"1876A039681D627FE9735356518961E46F02868C2EBA84A5EA85D2C9A307AAF9","ssh_repair_20260417_122049.log","C:\RUNEFOGE_PRO\runeforge\app\data\trace\ssh_repair_20260417_122049.log","0.0034","17/04/2026 12:20:59 p. m."
"1876A039681D627FE9735356518961E46F02868C2EBA84A5EA85D2C9A307AAF9","ssh_repair_20260417_122049.log","C:\RUNEFOGE_PRO\runeforge\runeforge\app\data\trace\ssh_repair_20260417_122049.log","0.0034","17/04/2026 12:20:59 p. m."
"64D84871877BD9119E73C25375D9478CA5CD31E1C2EE7F1C632B14B4A19D11B1","chat.log","C:\RUNEFOGE_PRO\runeforge\app\data\trace\chat.log","0.0037","24/04/2026 03:07:36 a. m."
"64D84871877BD9119E73C25375D9478CA5CD31E1C2EE7F1C632B14B4A19D11B1","chat.log","C:\RUNEFOGE_PRO\runeforge\runeforge\app\data\trace\chat.log","0.0037","24/04/2026 03:07:36 a. m."
"46026C77E721526E71EBDAE4F52F4806A8F840274B6C576FA17B491360F0386D","Watch-TerminalExport.ps1","C:\RUNEFOGE_PRO\runeforge\runeforge\scripts\Watch-TerminalExport.ps1","0.0038","24/04/2026 06:45:40 p. m."
"46026C77E721526E71EBDAE4F52F4806A8F840274B6C576FA17B491360F0386D","Watch-TerminalExport.ps1","C:\RUNEFOGE_PRO\runeforge\scripts\Watch-TerminalExport.ps1","0.0038","24/04/2026 06:45:40 p. m."
"F2C580302CE705F1D89A9297AB835B69A29827AC267B4EF59009D3F62978E16F","Import-LatestTerminalExport.ps1","C:\RUNEFOGE_PRO\runeforge\runeforge\scripts\Import-LatestTerminalExport.ps1","0.004","24/04/2026 06:54:55 p. m."
"F2C580302CE705F1D89A9297AB835B69A29827AC267B4EF59009D3F62978E16F","Import-LatestTerminalExport.ps1","C:\RUNEFOGE_PRO\runeforge\scripts\Import-LatestTerminalExport.ps1","0.004","24/04/2026 06:54:55 p. m."
"5A460473EEF3FBF1B6A395C88329AF72D4623009C88DCDD81017A3FD4898426A","runeforge-ssh-bootstrap.ps1","C:\RUNEFOGE_PRO\runeforge\app\ops\runeforge-ssh-bootstrap.ps1","0.0041","17/04/2026 12:10:31 p. m."
"5A460473EEF3FBF1B6A395C88329AF72D4623009C88DCDD81017A3FD4898426A","runeforge-ssh-bootstrap.ps1","C:\RUNEFOGE_PRO\runeforge\runeforge\app\ops\runeforge-ssh-bootstrap.ps1","0.0041","17/04/2026 12:10:31 p. m."
"DB426DA35085383FADA4EC6FDD479F32E57634C059EFB4888B916A2C51D05606","_locale.py","C:\RUNEFOGE_PRO\runeforge\app\_archive\source-zips\Sunshine-master\Sunshine-master\scripts\_locale.py","0.005","21/03/2026 08:14:42 p. m."
"DB426DA35085383FADA4EC6FDD479F32E57634C059EFB4888B916A2C51D05606","_locale.py","C:\RUNEFOGE_PRO\runeforge\runeforge\app\_archive\source-zips\Sunshine-master\Sunshine-master\scripts\_locale.py","0.005","21/03/2026 08:14:42 p. m."
"17B0BA8D17534B6078C03151CE86A69632BA16B3B7115053D5DB03B0A61E24A2","runeforge-ssh-repair-v2.ps1","C:\RUNEFOGE_PRO\runeforge\app\ops\runeforge-ssh-repair-v2.ps1","0.0051","17/04/2026 12:20:20 p. m."
"17B0BA8D17534B6078C03151CE86A69632BA16B3B7115053D5DB03B0A61E24A2","runeforge-ssh-repair-v2.ps1","C:\RUNEFOGE_PRO\runeforge\runeforge\app\ops\runeforge-ssh-repair-v2.ps1","0.0051","17/04/2026 12:20:20 p. m."
"F36DCB6EBB3CCAA847948B8FE276948B0A4157091BFB0FEFC70215BAC89B6F78","ssh_repair_20260417_122033.log","C:\RUNEFOGE_PRO\runeforge\app\data\trace\ssh_repair_20260417_122033.log","0.0054","17/04/2026 12:20:59 p. m."
"F36DCB6EBB3CCAA847948B8FE276948B0A4157091BFB0FEFC70215BAC89B6F78","ssh_repair_20260417_122033.log","C:\RUNEFOGE_PRO\runeforge\runeforge\app\data\trace\ssh_repair_20260417_122033.log","0.0054","17/04/2026 12:20:59 p. m."
"E3D4874F95F0DB7478F00629700C16E20E09E12D17334C09DE4F0996C6E1959B","macos_build.sh","C:\RUNEFOGE_PRO\runeforge\app\_archive\source-zips\Sunshine-master\Sunshine-master\scripts\macos_build.sh","0.0061","21/03/2026 08:14:42 p. m."
"E3D4874F95F0DB7478F00629700C16E20E09E12D17334C09DE4F0996C6E1959B","macos_build.sh","C:\RUNEFOGE_PRO\runeforge\runeforge\app\_archive\source-zips\Sunshine-master\Sunshine-master\scripts\macos_build.sh","0.0061","21/03/2026 08:14:42 p. m."
"283C7E926C22E7FF93FCFFB25F1B369321193A179EC4D591D31EE444997DD4FF","RUNEFORGE_COMMANDER_V43_4_CLEAN_OPS.ahk","C:\RUNEFOGE_PRO\runeforge\runeforge\scripts\ahk\RUNEFORGE_COMMANDER_V43_4_CLEAN_OPS.ahk","0.0062","24/04/2026 07:35:54 p. m."
"283C7E926C22E7FF93FCFFB25F1B369321193A179EC4D591D31EE444997DD4FF","RUNEFORGE_COMMANDER_V43_4_CLEAN_OPS.ahk","C:\RUNEFOGE_PRO\runeforge\scripts\ahk\RUNEFORGE_COMMANDER_V43_4_CLEAN_OPS.ahk","0.0062","24/04/2026 07:35:54 p. m."
"3B9361A8808D42DF0892FC570C51248D7CC461FBA1CCF30423A47D5200FC4EE4","Invoke-Runeforge-Capture.ps1","C:\RUNEFOGE_PRO\runeforge\runeforge\scripts\Invoke-Runeforge-Capture.ps1","0.0085","24/04/2026 07:35:53 p. m."
"3B9361A8808D42DF0892FC570C51248D7CC461FBA1CCF30423A47D5200FC4EE4","Invoke-Runeforge-Capture.ps1","C:\RUNEFOGE_PRO\runeforge\scripts\Invoke-Runeforge-Capture.ps1","0.0085","24/04/2026 07:35:53 p. m."
"B9C3EBE7A7ACD54A807A75A2744FE686907621C32FC12B67DE19A50D5802E871","Avances Tecnológicos, Operativos y de Mercado en Ingeniería Electrónica.xlsx","C:\RUNEFOGE_PRO\runeforge\Avances Tecnológicos, Operativos y de Mercado en Ingeniería Electrónica.xlsx","0.0097","19/04/2026 06:23:39 p. m."
"B9C3EBE7A7ACD54A807A75A2744FE686907621C32FC12B67DE19A50D5802E871","Avances Tecnológicos, Operativos y de Mercado en Ingeniería Electrónica.xlsx","C:\RUNEFOGE_PRO\runeforge\runeforge\Avances Tecnológicos, Operativos y de Mercado en Ingeniería Electrónica.xlsx","0.0097","19/04/2026 06:23:39 p. m."
"8FA7A42B08DDDA0BC8012CCF7E9ADDFB8A374861530E9861540F14CEE8CBDEC7","RUNEFORGE_COMMANDER_V41_GHOST_FUSION.ahk","C:\RUNEFOGE_PRO\runeforge\runeforge\scripts\ahk\RUNEFORGE_COMMANDER_V41_GHOST_FUSION.ahk","0.0137","24/04/2026 12:41:10 a. m."
"8FA7A42B08DDDA0BC8012CCF7E9ADDFB8A374861530E9861540F14CEE8CBDEC7","RUNEFORGE_COMMANDER_V41_GHOST_FUSION.ahk","C:\RUNEFOGE_PRO\runeforge\scripts\ahk\RUNEFORGE_COMMANDER_V41_GHOST_FUSION.ahk","0.0137","24/04/2026 12:41:10 a. m."
"AC796EF519ECBD956475324C06A7EFA3C2B89E22C95CB974A1DCA8F691CB261E","RUNEFORGE_COMMANDER_V42_EXPORT_BRIDGE.ahk","C:\RUNEFOGE_PRO\runeforge\runeforge\scripts\ahk\RUNEFORGE_COMMANDER_V42_EXPORT_BRIDGE.ahk","0.0143","24/04/2026 01:22:09 a. m."
"AC796EF519ECBD956475324C06A7EFA3C2B89E22C95CB974A1DCA8F691CB261E","RUNEFORGE_COMMANDER_V42_EXPORT_BRIDGE.ahk","C:\RUNEFOGE_PRO\runeforge\scripts\ahk\RUNEFORGE_COMMANDER_V42_EXPORT_BRIDGE.ahk","0.0143","24/04/2026 01:22:09 a. m."
"E8ECCCC963149508E43E480F165E29F50022DBC5B4F5227B98D47393549DCD61","forge_ui_nexo_v_1_runeforge.jsx","C:\RUNEFOGE_PRO\runeforge\app\forge_ui_nexo_v_1_runeforge.jsx","0.0162","27/03/2026 01:28:19 a. m."
"E8ECCCC963149508E43E480F165E29F50022DBC5B4F5227B98D47393549DCD61","forge_ui_nexo_v_1_runeforge.jsx","C:\RUNEFOGE_PRO\runeforge\runeforge\app\forge_ui_nexo_v_1_runeforge.jsx","0.0162","27/03/2026 01:28:19 a. m."
"30E0E592D5334882C9366D7564858D63A1D694051BFE372866DA53E4926BD24E","linux_build.sh","C:\RUNEFOGE_PRO\runeforge\app\_archive\source-zips\Sunshine-master\Sunshine-master\scripts\linux_build.sh","0.0228","21/03/2026 08:14:42 p. m."
"30E0E592D5334882C9366D7564858D63A1D694051BFE372866DA53E4926BD24E","linux_build.sh","C:\RUNEFOGE_PRO\runeforge\runeforge\app\_archive\source-zips\Sunshine-master\Sunshine-master\scripts\linux_build.sh","0.0228","21/03/2026 08:14:42 p. m."
"7D6A937188436AFF77135FC6F849915FE757ED7B05081F1043FC8793CB3DC254","package-lock.json","C:\RUNEFOGE_PRO\runeforge\app\package-lock.json","0.0406","27/03/2026 01:17:01 a. m."
"7D6A937188436AFF77135FC6F849915FE757ED7B05081F1043FC8793CB3DC254","package-lock.json","C:\RUNEFOGE_PRO\runeforge\runeforge\app\package-lock.json","0.0406","27/03/2026 01:17:01 a. m."
"0A45E64960AAA412D73FF9C7AB4DE6C53C2BC881D8809D21827B1674A6A8AC5D","RUNEFORGE_CURRENT_STATE_MEMORY.md","C:\RUNEFOGE_PRO\runeforge\docs\RUNEFORGE_CURRENT_STATE_MEMORY.md","0.0425","23/04/2026 11:53:33 p. m."
"0A45E64960AAA412D73FF9C7AB4DE6C53C2BC881D8809D21827B1674A6A8AC5D","RUNEFORGE_CURRENT_STATE_MEMORY.md","C:\RUNEFOGE_PRO\runeforge\runeforge\docs\RUNEFORGE_CURRENT_STATE_MEMORY.md","0.0425","23/04/2026 11:53:33 p. m."
"0D0733034A3D0AD8B59F7DAAEA139C631CAF466E3ADE77405AF495E1C441A41B","padtest_ps2.elf","C:\RUNEFOGE_PRO\runeforge\app\retro\tools\ps2-bios-dumper\padtest_ps2.elf","0.1898","22/03/2026 08:02:28 p. m."
"0D0733034A3D0AD8B59F7DAAEA139C631CAF466E3ADE77405AF495E1C441A41B","padtest_ps2.elf","C:\RUNEFOGE_PRO\runeforge\runeforge\app\retro\tools\ps2-bios-dumper\padtest_ps2.elf","0.1898","22/03/2026 08:02:28 p. m."
"6CA62BACFA234F2B2C2B26341D5C5292D7F6AD99CB816418AF58302647548D65","PlayniteInstaller.exe","C:\RUNEFOGE_PRO\runeforge\app\retro\frontends\playnite\PlayniteInstaller.exe","0.2444","22/03/2026 08:06:12 p. m."
"6CA62BACFA234F2B2C2B26341D5C5292D7F6AD99CB816418AF58302647548D65","PlayniteInstaller.exe","C:\RUNEFOGE_PRO\runeforge\runeforge\app\retro\frontends\playnite\PlayniteInstaller.exe","0.2444","22/03/2026 08:06:12 p. m."
"04350080EE7EF2018FC733CDAA48C38566A4FE3DF15CCD1BF09ABAA7C7099637","PS2dumperV2_bin.7z","C:\RUNEFOGE_PRO\runeforge\app\retro\tools\ps2-bios-dumper\PS2dumperV2_bin.7z","0.2812","22/03/2026 08:03:00 p. m."
"04350080EE7EF2018FC733CDAA48C38566A4FE3DF15CCD1BF09ABAA7C7099637","PS2dumperV2_bin.7z","C:\RUNEFOGE_PRO\runeforge\runeforge\app\retro\tools\ps2-bios-dumper\PS2dumperV2_bin.7z","0.2812","22/03/2026 08:03:00 p. m."
"1E578127E0D5A53840251F17472F68808BC5D6E1662046B7779218B7694275CB","PS2dumperV2_iso.7z","C:\RUNEFOGE_PRO\runeforge\app\retro\tools\ps2-bios-dumper\PS2dumperV2_iso.7z","0.4316","22/03/2026 08:03:08 p. m."
"1E578127E0D5A53840251F17472F68808BC5D6E1662046B7779218B7694275CB","PS2dumperV2_iso.7z","C:\RUNEFOGE_PRO\runeforge\runeforge\app\retro\tools\ps2-bios-dumper\PS2dumperV2_iso.7z","0.4316","22/03/2026 08:03:08 p. m."
"88EE9533EC31C491E09EEF9B723C779BD2CBB02594F546DBCFDD5D6092245926","NotebookLM Mind Map.png","C:\RUNEFOGE_PRO\runeforge\NotebookLM Mind Map.png","1.708","19/04/2026 06:24:50 p. m."
"88EE9533EC31C491E09EEF9B723C779BD2CBB02594F546DBCFDD5D6092245926","NotebookLM Mind Map.png","C:\RUNEFOGE_PRO\runeforge\runeforge\NotebookLM Mind Map.png","1.708","19/04/2026 06:24:50 p. m."
"8FD7DEDAF84ECA972E3AB1ADA76CEF9AE6E7F1ECA517F48601CC479F405F03A0","Runeforge_Tactical_Playbook.pptx","C:\RUNEFOGE_PRO\runeforge\Runeforge_Tactical_Playbook.pptx","18.3128","19/04/2026 06:23:17 p. m."
"8FD7DEDAF84ECA972E3AB1ADA76CEF9AE6E7F1ECA517F48601CC479F405F03A0","Runeforge_Tactical_Playbook.pptx","C:\RUNEFOGE_PRO\runeforge\runeforge\Runeforge_Tactical_Playbook.pptx","18.3128","19/04/2026 06:23:17 p. m."
