"Status","RelativePath","ActivePath","NestedPath","ActiveSizeMB","NestedSizeMB","ActiveHash","NestedHash"
"SAME_HASH","_archive\source-zips\Sunshine-master\Sunshine-master\packaging\linux\flatpak\scripts\additional-install.sh","C:\RUNEFOGE_PRO\runeforge\app\_archive\source-zips\Sunshine-master\Sunshine-master\packaging\linux\flatpak\scripts\additional-install.sh","C:\RUNEFOGE_PRO\runeforge\runeforge\app\_archive\source-zips\Sunshine-master\Sunshine-master\packaging\linux\flatpak\scripts\additional-install.sh","0.0008","0.0008","A51976EA0724700BA8AC20390AC6F386761A8A531E89FE49D058D7EBF73A713B","A51976EA0724700BA8AC20390AC6F386761A8A531E89FE49D058D7EBF73A713B"
"SAME_HASH","_archive\source-zips\Sunshine-master\Sunshine-master\packaging\linux\flatpak\scripts\remove-additional-install.sh","C:\RUNEFOGE_PRO\runeforge\app\_archive\source-zips\Sunshine-master\Sunshine-master\packaging\linux\flatpak\scripts\remove-additional-install.sh","C:\RUNEFOGE_PRO\runeforge\runeforge\app\_archive\source-zips\Sunshine-master\Sunshine-master\packaging\linux\flatpak\scripts\remove-additional-install.sh","0.0004","0.0004","5F7F0B5E56A79AFE84162A538961BBEAF7A556B783FB50AF607A895527D01A84","5F7F0B5E56A79AFE84162A538961BBEAF7A556B783FB50AF607A895527D01A84"
"SAME_HASH","_archive\source-zips\Sunshine-master\Sunshine-master\packaging\linux\flatpak\scripts\sunshine.sh","C:\RUNEFOGE_PRO\runeforge\app\_archive\source-zips\Sunshine-master\Sunshine-master\packaging\linux\flatpak\scripts\sunshine.sh","C:\RUNEFOGE_PRO\runeforge\runeforge\app\_archive\source-zips\Sunshine-master\Sunshine-master\packaging\linux\flatpak\scripts\sunshine.sh","0.0003","0.0003","2CF512BAA4CA8E4ECB6D4B66C1F4A826E5F970C5F7F4C44DC429C330432AB7E0","2CF512BAA4CA8E4ECB6D4B66C1F4A826E5F970C5F7F4C44DC429C330432AB7E0"
"SAME_HASH","_archive\source-zips\Sunshine-master\Sunshine-master\scripts\_locale.py","C:\RUNEFOGE_PRO\runeforge\app\_archive\source-zips\Sunshine-master\Sunshine-master\scripts\_locale.py","C:\RUNEFOGE_PRO\runeforge\runeforge\app\_archive\source-zips\Sunshine-master\Sunshine-master\scripts\_locale.py","0.005","0.005","DB426DA35085383FADA4EC6FDD479F32E57634C059EFB4888B916A2C51D05606","DB426DA35085383FADA4EC6FDD479F32E57634C059EFB4888B916A2C51D05606"
"SAME_HASH","_archive\source-zips\Sunshine-master\Sunshine-master\scripts\icons\convert_and_pack.sh","C:\RUNEFOGE_PRO\runeforge\app\_archive\source-zips\Sunshine-master\Sunshine-master\scripts\icons\convert_and_pack.sh","C:\RUNEFOGE_PRO\runeforge\runeforge\app\_archive\source-zips\Sunshine-master\Sunshine-master\scripts\icons\convert_and_pack.sh","0.0019","0.0019","8174ED85508551F9BDDAE748A1B2DECFCC56CA116ABE08F98FBDC1ADA61619EF","8174ED85508551F9BDDAE748A1B2DECFCC56CA116ABE08F98FBDC1ADA61619EF"
"SAME_HASH","_archive\source-zips\Sunshine-master\Sunshine-master\scripts\linux_build.sh","C:\RUNEFOGE_PRO\runeforge\app\_archive\source-zips\Sunshine-master\Sunshine-master\scripts\linux_build.sh","C:\RUNEFOGE_PRO\runeforge\runeforge\app\_archive\source-zips\Sunshine-master\Sunshine-master\scripts\linux_build.sh","0.0228","0.0228","30E0E592D5334882C9366D7564858D63A1D694051BFE372866DA53E4926BD24E","30E0E592D5334882C9366D7564858D63A1D694051BFE372866DA53E4926BD24E"
"SAME_HASH","_archive\source-zips\Sunshine-master\Sunshine-master\scripts\macos_build.sh","C:\RUNEFOGE_PRO\runeforge\app\_archive\source-zips\Sunshine-master\Sunshine-master\scripts\macos_build.sh","C:\RUNEFOGE_PRO\runeforge\runeforge\app\_archive\source-zips\Sunshine-master\Sunshine-master\scripts\macos_build.sh","0.0061","0.0061","E3D4874F95F0DB7478F00629700C16E20E09E12D17334C09DE4F0996C6E1959B","E3D4874F95F0DB7478F00629700C16E20E09E12D17334C09DE4F0996C6E1959B"
"SAME_HASH","_archive\source-zips\Sunshine-master\Sunshine-master\scripts\update_clang_format.py","C:\RUNEFOGE_PRO\runeforge\app\_archive\source-zips\Sunshine-master\Sunshine-master\scripts\update_clang_format.py","C:\RUNEFOGE_PRO\runeforge\runeforge\app\_archive\source-zips\Sunshine-master\Sunshine-master\scripts\update_clang_format.py","0.0007","0.0007","01614DAA2FAE28959BF00DAEF92B2637155A261B5E5A513E8229BA6577EA4478","01614DAA2FAE28959BF00DAEF92B2637155A261B5E5A513E8229BA6577EA4478"
"SAME_HASH","_archive\source-zips\Sunshine-master\Sunshine-master\third-party\.clang-format-ignore","C:\RUNEFOGE_PRO\runeforge\app\_archive\source-zips\Sunshine-master\Sunshine-master\third-party\.clang-format-ignore","C:\RUNEFOGE_PRO\runeforge\runeforge\app\_archive\source-zips\Sunshine-master\Sunshine-master\third-party\.clang-format-ignore","0","0","E3B0C44298FC1C149AFBF4C8996FB92427AE41E4649B934CA495991B7852B855","E3B0C44298FC1C149AFBF4C8996FB92427AE41E4649B934CA495991B7852B855"
"SAME_HASH",".env","C:\RUNEFOGE_PRO\runeforge\app\.env","C:\RUNEFOGE_PRO\runeforge\runeforge\app\.env","0.0005","0.0005","0E9AFB0BFA32195014922C2A3BAA396F34D8B2D5E712C8AE917B4FE9BFF17F70","0E9AFB0BFA32195014922C2A3BAA396F34D8B2D5E712C8AE917B4FE9BFF17F70"
"DIFFERENT_HASH",".env.example","C:\RUNEFOGE_PRO\runeforge\app\.env.example","C:\RUNEFOGE_PRO\runeforge\runeforge\app\.env.example","0.0003","0.0005","6C8C6CB6605C3A51A6BFD4A6E1D034D42E55244D6952DC264942EF0BE1762C92","0E9AFB0BFA32195014922C2A3BAA396F34D8B2D5E712C8AE917B4FE9BFF17F70"
"SAME_HASH",".gitignore","C:\RUNEFOGE_PRO\runeforge\app\.gitignore","C:\RUNEFOGE_PRO\runeforge\runeforge\app\.gitignore","0","0","923B68A51D954BE427F4CDE837C34A52BF458A8C784D56753D0F3456657E5168","923B68A51D954BE427F4CDE837C34A52BF458A8C784D56753D0F3456657E5168"
"ACTIVE_ONLY","backend.err.log","C:\RUNEFOGE_PRO\runeforge\app\backend.err.log","","0","","E3B0C44298FC1C149AFBF4C8996FB92427AE41E4649B934CA495991B7852B855",""
"ACTIVE_ONLY","backend.out.log","C:\RUNEFOGE_PRO\runeforge\app\backend.out.log","","0.0016","","F5BA517C425363FB4CEEA5373D6FB1CC86CEFB6C2E5100E9397D2C5BE9301462",""
"SAME_HASH","check-runeforge.ps1","C:\RUNEFOGE_PRO\runeforge\app\check-runeforge.ps1","C:\RUNEFOGE_PRO\runeforge\runeforge\app\check-runeforge.ps1","0.0007","0.0007","3FDA7B691AC7A9DC03B3A3FD2089FB2881F8AC3CD94717A97DF178C242B4DFB9","3FDA7B691AC7A9DC03B3A3FD2089FB2881F8AC3CD94717A97DF178C242B4DFB9"
"DIFFERENT_HASH","data\logs\runeforge.log","C:\RUNEFOGE_PRO\runeforge\app\data\logs\runeforge.log","C:\RUNEFOGE_PRO\runeforge\runeforge\app\data\logs\runeforge.log","0.0213","0.0198","0D56C77446C8678711E7DE01441AC852C0C0F9F29748CC4297E0872258AD1A6F","AA390A559726912B45012C09007830724AD343044D10A1DE14EF31504359C634"
"SAME_HASH","data\trace\chat.log","C:\RUNEFOGE_PRO\runeforge\app\data\trace\chat.log","C:\RUNEFOGE_PRO\runeforge\runeforge\app\data\trace\chat.log","0.0037","0.0037","64D84871877BD9119E73C25375D9478CA5CD31E1C2EE7F1C632B14B4A19D11B1","64D84871877BD9119E73C25375D9478CA5CD31E1C2EE7F1C632B14B4A19D11B1"
"SAME_HASH","data\trace\ssh_repair_20260417_122033.log","C:\RUNEFOGE_PRO\runeforge\app\data\trace\ssh_repair_20260417_122033.log","C:\RUNEFOGE_PRO\runeforge\runeforge\app\data\trace\ssh_repair_20260417_122033.log","0.0054","0.0054","F36DCB6EBB3CCAA847948B8FE276948B0A4157091BFB0FEFC70215BAC89B6F78","F36DCB6EBB3CCAA847948B8FE276948B0A4157091BFB0FEFC70215BAC89B6F78"
"SAME_HASH","data\trace\ssh_repair_20260417_122049.log","C:\RUNEFOGE_PRO\runeforge\app\data\trace\ssh_repair_20260417_122049.log","C:\RUNEFOGE_PRO\runeforge\runeforge\app\data\trace\ssh_repair_20260417_122049.log","0.0034","0.0034","1876A039681D627FE9735356518961E46F02868C2EBA84A5EA85D2C9A307AAF9","1876A039681D627FE9735356518961E46F02868C2EBA84A5EA85D2C9A307AAF9"
"SAME_HASH","forge_ui_nexo_v_1_runeforge.jsx","C:\RUNEFOGE_PRO\runeforge\app\forge_ui_nexo_v_1_runeforge.jsx","C:\RUNEFOGE_PRO\runeforge\runeforge\app\forge_ui_nexo_v_1_runeforge.jsx","0.0162","0.0162","E8ECCCC963149508E43E480F165E29F50022DBC5B4F5227B98D47393549DCD61","E8ECCCC963149508E43E480F165E29F50022DBC5B4F5227B98D47393549DCD61"
"SAME_HASH","ops\games\check-game-host.ps1","C:\RUNEFOGE_PRO\runeforge\app\ops\games\check-game-host.ps1","C:\RUNEFOGE_PRO\runeforge\runeforge\app\ops\games\check-game-host.ps1","0.0014","0.0014","47721DAAFF839A4750789F0D144D63BD2A6EF564064BFE8229DF54B0BD5AE9DF","47721DAAFF839A4750789F0D144D63BD2A6EF564064BFE8229DF54B0BD5AE9DF"
"SAME_HASH","ops\games\check-gpu.ps1","C:\RUNEFOGE_PRO\runeforge\app\ops\games\check-gpu.ps1","C:\RUNEFOGE_PRO\runeforge\runeforge\app\ops\games\check-gpu.ps1","0.0001","0.0001","5741B8324FEFB7F9708A1B4DA3B29CA6F4E36A6E800B0A1DF9F89B56B49ACAE7","5741B8324FEFB7F9708A1B4DA3B29CA6F4E36A6E800B0A1DF9F89B56B49ACAE7"
"SAME_HASH","ops\games\check-network.ps1","C:\RUNEFOGE_PRO\runeforge\app\ops\games\check-network.ps1","C:\RUNEFOGE_PRO\runeforge\runeforge\app\ops\games\check-network.ps1","0.0003","0.0003","65EEC5D730AE2C8B4618203242BFD3A7E3B2F0BB9FB3B24A72FB7CF99E73E1D9","65EEC5D730AE2C8B4618203242BFD3A7E3B2F0BB9FB3B24A72FB7CF99E73E1D9"
"SAME_HASH","ops\games\start-steam.ps1","C:\RUNEFOGE_PRO\runeforge\app\ops\games\start-steam.ps1","C:\RUNEFOGE_PRO\runeforge\runeforge\app\ops\games\start-steam.ps1","0.0004","0.0004","F6C5393730FBC09E8ED1E004135E37AED198817F5A26724F5C4EA665CD42F0D1","F6C5393730FBC09E8ED1E004135E37AED198817F5A26724F5C4EA665CD42F0D1"
"SAME_HASH","ops\games\start-sunshine.ps1","C:\RUNEFOGE_PRO\runeforge\app\ops\games\start-sunshine.ps1","C:\RUNEFOGE_PRO\runeforge\runeforge\app\ops\games\start-sunshine.ps1","0.0009","0.0009","FEB4BCBDEC23B1CE8DB75FC2F70BBAD2377276AB1AA9D03CB448F08110681196","FEB4BCBDEC23B1CE8DB75FC2F70BBAD2377276AB1AA9D03CB448F08110681196"
"SAME_HASH","ops\games\stop-sunshine.ps1","C:\RUNEFOGE_PRO\runeforge\app\ops\games\stop-sunshine.ps1","C:\RUNEFOGE_PRO\runeforge\runeforge\app\ops\games\stop-sunshine.ps1","0.0005","0.0005","7B092B18BE8EC306E65D17A682A76D7D94FB54F98503EDC4EFFC6CE073689BCF","7B092B18BE8EC306E65D17A682A76D7D94FB54F98503EDC4EFFC6CE073689BCF"
"SAME_HASH","ops\runeforge-ssh-bootstrap.ps1","C:\RUNEFOGE_PRO\runeforge\app\ops\runeforge-ssh-bootstrap.ps1","C:\RUNEFOGE_PRO\runeforge\runeforge\app\ops\runeforge-ssh-bootstrap.ps1","0.0041","0.0041","5A460473EEF3FBF1B6A395C88329AF72D4623009C88DCDD81017A3FD4898426A","5A460473EEF3FBF1B6A395C88329AF72D4623009C88DCDD81017A3FD4898426A"
"SAME_HASH","ops\runeforge-ssh-repair-v2.ps1","C:\RUNEFOGE_PRO\runeforge\app\ops\runeforge-ssh-repair-v2.ps1","C:\RUNEFOGE_PRO\runeforge\runeforge\app\ops\runeforge-ssh-repair-v2.ps1","0.0051","0.0051","17B0BA8D17534B6078C03151CE86A69632BA16B3B7115053D5DB03B0A61E24A2","17B0BA8D17534B6078C03151CE86A69632BA16B3B7115053D5DB03B0A61E24A2"
"SAME_HASH","package-lock.json","C:\RUNEFOGE_PRO\runeforge\app\package-lock.json","C:\RUNEFOGE_PRO\runeforge\runeforge\app\package-lock.json","0.0406","0.0406","7D6A937188436AFF77135FC6F849915FE757ED7B05081F1043FC8793CB3DC254","7D6A937188436AFF77135FC6F849915FE757ED7B05081F1043FC8793CB3DC254"
"SAME_HASH","package.json","C:\RUNEFOGE_PRO\runeforge\app\package.json","C:\RUNEFOGE_PRO\runeforge\runeforge\app\package.json","0.0006","0.0006","8C54AC39EB23B1EC854B2042C182CCBA2D28D02099DEA677B5F81AA0020CC08D","8C54AC39EB23B1EC854B2042C182CCBA2D28D02099DEA677B5F81AA0020CC08D"
"SAME_HASH","public\index.html","C:\RUNEFOGE_PRO\runeforge\app\public\index.html","C:\RUNEFOGE_PRO\runeforge\runeforge\app\public\index.html","0.0013","0.0013","FB674021C8377CEB1C4DC83A410FC4BC908F27BD8B992DF159FC212C549DA6AF","FB674021C8377CEB1C4DC83A410FC4BC908F27BD8B992DF159FC212C549DA6AF"
"SAME_HASH","README.md","C:\RUNEFOGE_PRO\runeforge\app\README.md","C:\RUNEFOGE_PRO\runeforge\runeforge\app\README.md","0.0007","0.0007","D3817126B46032016E33E0690818B86BE83F306F1036F594A2821C8E2C7A0527","D3817126B46032016E33E0690818B86BE83F306F1036F594A2821C8E2C7A0527"
"SAME_HASH","retro\_downloads\PPSSPPWindowsARM64\assets\debugger\.nojekyll","C:\RUNEFOGE_PRO\runeforge\app\retro\_downloads\PPSSPPWindowsARM64\assets\debugger\.nojekyll","C:\RUNEFOGE_PRO\runeforge\runeforge\app\retro\_downloads\PPSSPPWindowsARM64\assets\debugger\.nojekyll","0","0","E3B0C44298FC1C149AFBF4C8996FB92427AE41E4649B934CA495991B7852B855","E3B0C44298FC1C149AFBF4C8996FB92427AE41E4649B934CA495991B7852B855"
"SAME_HASH","retro\frontends\playnite\PlayniteInstaller.exe","C:\RUNEFOGE_PRO\runeforge\app\retro\frontends\playnite\PlayniteInstaller.exe","C:\RUNEFOGE_PRO\runeforge\runeforge\app\retro\frontends\playnite\PlayniteInstaller.exe","0.2444","0.2444","6CA62BACFA234F2B2C2B26341D5C5292D7F6AD99CB816418AF58302647548D65","6CA62BACFA234F2B2C2B26341D5C5292D7F6AD99CB816418AF58302647548D65"
"SAME_HASH","retro\start-runeforge.cmd","C:\RUNEFOGE_PRO\runeforge\app\retro\start-runeforge.cmd","C:\RUNEFOGE_PRO\runeforge\runeforge\app\retro\start-runeforge.cmd","0.0001","0.0001","512A1418AEABED6C6FA17F9A24921F7E934BCA16488DBA2CCF92049E3A3D5AA3","512A1418AEABED6C6FA17F9A24921F7E934BCA16488DBA2CCF92049E3A3D5AA3"
"SAME_HASH","retro\tools\ps2-bios-dumper\padtest_ps2.elf","C:\RUNEFOGE_PRO\runeforge\app\retro\tools\ps2-bios-dumper\padtest_ps2.elf","C:\RUNEFOGE_PRO\runeforge\runeforge\app\retro\tools\ps2-bios-dumper\padtest_ps2.elf","0.1898","0.1898","0D0733034A3D0AD8B59F7DAAEA139C631CAF466E3ADE77405AF495E1C441A41B","0D0733034A3D0AD8B59F7DAAEA139C631CAF466E3ADE77405AF495E1C441A41B"
"SAME_HASH","retro\tools\ps2-bios-dumper\PS2dumperV2_bin.7z","C:\RUNEFOGE_PRO\runeforge\app\retro\tools\ps2-bios-dumper\PS2dumperV2_bin.7z","C:\RUNEFOGE_PRO\runeforge\runeforge\app\retro\tools\ps2-bios-dumper\PS2dumperV2_bin.7z","0.2812","0.2812","04350080EE7EF2018FC733CDAA48C38566A4FE3DF15CCD1BF09ABAA7C7099637","04350080EE7EF2018FC733CDAA48C38566A4FE3DF15CCD1BF09ABAA7C7099637"
"SAME_HASH","retro\tools\ps2-bios-dumper\PS2dumperV2_iso.7z","C:\RUNEFOGE_PRO\runeforge\app\retro\tools\ps2-bios-dumper\PS2dumperV2_iso.7z","C:\RUNEFOGE_PRO\runeforge\runeforge\app\retro\tools\ps2-bios-dumper\PS2dumperV2_iso.7z","0.4316","0.4316","1E578127E0D5A53840251F17472F68808BC5D6E1662046B7779218B7694275CB","1E578127E0D5A53840251F17472F68808BC5D6E1662046B7779218B7694275CB"
"SAME_HASH","retro\tools\ps2-bios-dumper\tools-bios-dumper-v2.tar.gz","C:\RUNEFOGE_PRO\runeforge\app\retro\tools\ps2-bios-dumper\tools-bios-dumper-v2.tar.gz","C:\RUNEFOGE_PRO\runeforge\runeforge\app\retro\tools\ps2-bios-dumper\tools-bios-dumper-v2.tar.gz","0.0003","0.0003","B37C9326B8DCBAEDD867E82B6778FE6AF259D890B4C156CD88F95A9BB46E75B1","B37C9326B8DCBAEDD867E82B6778FE6AF259D890B4C156CD88F95A9BB46E75B1"
"SAME_HASH","retro\tools\ps2-bios-dumper\tools-bios-dumper-v2.zip","C:\RUNEFOGE_PRO\runeforge\app\retro\tools\ps2-bios-dumper\tools-bios-dumper-v2.zip","C:\RUNEFOGE_PRO\runeforge\runeforge\app\retro\tools\ps2-bios-dumper\tools-bios-dumper-v2.zip","0.0004","0.0004","C51107ACD9785C57B71F0AEF564764894C79F0635479F60C0DA631E80A750FBD","C51107ACD9785C57B71F0AEF564764894C79F0635479F60C0DA631E80A750FBD"
"SAME_HASH","retro\tools\ps2-bios-dumper\tools-tests-pad.tar.gz","C:\RUNEFOGE_PRO\runeforge\app\retro\tools\ps2-bios-dumper\tools-tests-pad.tar.gz","C:\RUNEFOGE_PRO\runeforge\runeforge\app\retro\tools\ps2-bios-dumper\tools-tests-pad.tar.gz","0.0003","0.0003","4740877A3DF7F3D362822E71C7C5EB267824E93ACF4576BEA8F68B5485E5EA2C","4740877A3DF7F3D362822E71C7C5EB267824E93ACF4576BEA8F68B5485E5EA2C"
"SAME_HASH","retro\tools\ps2-bios-dumper\tools-tests-pad.zip","C:\RUNEFOGE_PRO\runeforge\app\retro\tools\ps2-bios-dumper\tools-tests-pad.zip","C:\RUNEFOGE_PRO\runeforge\runeforge\app\retro\tools\ps2-bios-dumper\tools-tests-pad.zip","0.0004","0.0004","F3C554165794823747C846F51E9E48B3E3680FC7BA4B7BF44F9E6B9E67CD8F9A","F3C554165794823747C846F51E9E48B3E3680FC7BA4B7BF44F9E6B9E67CD8F9A"
"SAME_HASH","scripts\dev.ps1","C:\RUNEFOGE_PRO\runeforge\app\scripts\dev.ps1","C:\RUNEFOGE_PRO\runeforge\runeforge\app\scripts\dev.ps1","0","0","8949AD0AEE09E38FA623297626BD80B08CD40EBB30ADC8AF16320715D2EB3E4F","8949AD0AEE09E38FA623297626BD80B08CD40EBB30ADC8AF16320715D2EB3E4F"
"SAME_HASH","scripts\start.ps1","C:\RUNEFOGE_PRO\runeforge\app\scripts\start.ps1","C:\RUNEFOGE_PRO\runeforge\runeforge\app\scripts\start.ps1","0","0","E5831725AAAF28395BB1D627AB2305C1AACA65775DF24DEB6F81B92B3BC04833","E5831725AAAF28395BB1D627AB2305C1AACA65775DF24DEB6F81B92B3BC04833"
"SAME_HASH","src\adapters\ai\ai.client.js","C:\RUNEFOGE_PRO\runeforge\app\src\adapters\ai\ai.client.js","C:\RUNEFOGE_PRO\runeforge\runeforge\app\src\adapters\ai\ai.client.js","0.0002","0.0002","1D0AC98D221D73E95893B749883D0DB4F5365CCEEBC79B259D89C36A11EC29B2","1D0AC98D221D73E95893B749883D0DB4F5365CCEEBC79B259D89C36A11EC29B2"
"SAME_HASH","src\adapters\whatsapp\whatsapp.webhook.routes.js","C:\RUNEFOGE_PRO\runeforge\app\src\adapters\whatsapp\whatsapp.webhook.routes.js","C:\RUNEFOGE_PRO\runeforge\runeforge\app\src\adapters\whatsapp\whatsapp.webhook.routes.js","0.0008","0.0008","566B96E4C8DC17BC1C1AE43E3E5BA566A3EBADA720B98FD3B0AA7668525805C4","566B96E4C8DC17BC1C1AE43E3E5BA566A3EBADA720B98FD3B0AA7668525805C4"
"SAME_HASH","src\app.js","C:\RUNEFOGE_PRO\runeforge\app\src\app.js","C:\RUNEFOGE_PRO\runeforge\runeforge\app\src\app.js","0.001","0.001","9187C96CBDD0255C9FFCDF3AB9F6AD1B80E348DCF6581D3F3B7F6A58D7DD87C5","9187C96CBDD0255C9FFCDF3AB9F6AD1B80E348DCF6581D3F3B7F6A58D7DD87C5"
"DIFFERENT_HASH","src\config\env.js","C:\RUNEFOGE_PRO\runeforge\app\src\config\env.js","C:\RUNEFOGE_PRO\runeforge\runeforge\app\src\config\env.js","0.0012","0.0012","17E2A3A21A956713468CD147AF17C8C1C576519236A7FE6C959A9F4BE45F3E5A","BB51770747253887874299E16438D093D4866C206785DEA5B1466C8EFB50026F"
"SAME_HASH","src\core\command-registry.js","C:\RUNEFOGE_PRO\runeforge\app\src\core\command-registry.js","C:\RUNEFOGE_PRO\runeforge\runeforge\app\src\core\command-registry.js","0.0017","0.0017","A3171928B3D30CD70D33E127975AA779523644CBACD3A4D2185759C1723A0AFF","A3171928B3D30CD70D33E127975AA779523644CBACD3A4D2185759C1723A0AFF"
"SAME_HASH","src\modules\beacon\beacon.routes.js","C:\RUNEFOGE_PRO\runeforge\app\src\modules\beacon\beacon.routes.js","C:\RUNEFOGE_PRO\runeforge\runeforge\app\src\modules\beacon\beacon.routes.js","0.0005","0.0005","7CCC4A1375A0692123151EF33C68BB6FFBA278C67CE2983C7B9A97A251A385D6","7CCC4A1375A0692123151EF33C68BB6FFBA278C67CE2983C7B9A97A251A385D6"
"SAME_HASH","src\modules\chat\chat.routes.js","C:\RUNEFOGE_PRO\runeforge\app\src\modules\chat\chat.routes.js","C:\RUNEFOGE_PRO\runeforge\runeforge\app\src\modules\chat\chat.routes.js","0.0005","0.0005","BB9743B628712FEC1CE4FEFA9CEA72F7FC6C3FA3A454B47495E09FAF4B0C1378","BB9743B628712FEC1CE4FEFA9CEA72F7FC6C3FA3A454B47495E09FAF4B0C1378"
"SAME_HASH","src\modules\chat\chat.service.js","C:\RUNEFOGE_PRO\runeforge\app\src\modules\chat\chat.service.js","C:\RUNEFOGE_PRO\runeforge\runeforge\app\src\modules\chat\chat.service.js","0.0009","0.0009","5F0645A1E3E9A01C7CEEB6377C3C7F18D605375D444CBE2E3F6B46E127F2C919","5F0645A1E3E9A01C7CEEB6377C3C7F18D605375D444CBE2E3F6B46E127F2C919"
"SAME_HASH","src\modules\chat\chat.trace.js","C:\RUNEFOGE_PRO\runeforge\app\src\modules\chat\chat.trace.js","C:\RUNEFOGE_PRO\runeforge\runeforge\app\src\modules\chat\chat.trace.js","0.0003","0.0003","C7BAD09AE9E71ADEC6E84523113EAF6079B0EB7E2BDD72890DDB478F2EC3293B","C7BAD09AE9E71ADEC6E84523113EAF6079B0EB7E2BDD72890DDB478F2EC3293B"
"SAME_HASH","src\modules\chat\skill-router.js","C:\RUNEFOGE_PRO\runeforge\app\src\modules\chat\skill-router.js","C:\RUNEFOGE_PRO\runeforge\runeforge\app\src\modules\chat\skill-router.js","0.0011","0.0011","210850D5118CA4F654E9B30DAB1AF588E61A947B048D21FC945A3F00DB91D8E6","210850D5118CA4F654E9B30DAB1AF588E61A947B048D21FC945A3F00DB91D8E6"
"SAME_HASH","src\modules\chat\skills\general.js","C:\RUNEFOGE_PRO\runeforge\app\src\modules\chat\skills\general.js","C:\RUNEFOGE_PRO\runeforge\runeforge\app\src\modules\chat\skills\general.js","0.0005","0.0005","2C30C3A66C48F4BB0867A6B74B2CFCC0458C72C1097A1F59ED3CF9336879BC44","2C30C3A66C48F4BB0867A6B74B2CFCC0458C72C1097A1F59ED3CF9336879BC44"
"SAME_HASH","src\modules\chat\skills\system.js","C:\RUNEFOGE_PRO\runeforge\app\src\modules\chat\skills\system.js","C:\RUNEFOGE_PRO\runeforge\runeforge\app\src\modules\chat\skills\system.js","0.0009","0.0009","CEA3A1E4FF6D41257831E0E5DB3FE212E5E8D8A96BD8CBAB50F3065ED1731064","CEA3A1E4FF6D41257831E0E5DB3FE212E5E8D8A96BD8CBAB50F3065ED1731064"
"SAME_HASH","src\modules\chat\skills\telemetria.js","C:\RUNEFOGE_PRO\runeforge\app\src\modules\chat\skills\telemetria.js","C:\RUNEFOGE_PRO\runeforge\runeforge\app\src\modules\chat\skills\telemetria.js","0.0019","0.0019","5FA15779CF5416D73452668359A364918EC3742895051ECF6E3377AC4396147D","5FA15779CF5416D73452668359A364918EC3742895051ECF6E3377AC4396147D"
"SAME_HASH","src\modules\codex\codex.routes.js","C:\RUNEFOGE_PRO\runeforge\app\src\modules\codex\codex.routes.js","C:\RUNEFOGE_PRO\runeforge\runeforge\app\src\modules\codex\codex.routes.js","0.0002","0.0002","F61D1F2264E833D004E871F1D323AEDC342EEBAF68920936385B1DC8D4CB353D","F61D1F2264E833D004E871F1D323AEDC342EEBAF68920936385B1DC8D4CB353D"
"SAME_HASH","src\modules\forge\forge.routes.js","C:\RUNEFOGE_PRO\runeforge\app\src\modules\forge\forge.routes.js","C:\RUNEFOGE_PRO\runeforge\runeforge\app\src\modules\forge\forge.routes.js","0.0017","0.0017","2F24CAE8ED1EA5929D6589CAE9FA5F2D3E4A946B0E38037314BD92B696AADA06","2F24CAE8ED1EA5929D6589CAE9FA5F2D3E4A946B0E38037314BD92B696AADA06"
"SAME_HASH","src\modules\relay\relay.routes.js","C:\RUNEFOGE_PRO\runeforge\app\src\modules\relay\relay.routes.js","C:\RUNEFOGE_PRO\runeforge\runeforge\app\src\modules\relay\relay.routes.js","0.0005","0.0005","E0B9D02127287808BB4F2C21592F7844628A3F73C4170E0994CA9FE159B20713","E0B9D02127287808BB4F2C21592F7844628A3F73C4170E0994CA9FE159B20713"
"SAME_HASH","src\modules\sentinel\sentinel.routes.js","C:\RUNEFOGE_PRO\runeforge\app\src\modules\sentinel\sentinel.routes.js","C:\RUNEFOGE_PRO\runeforge\runeforge\app\src\modules\sentinel\sentinel.routes.js","0.0002","0.0002","7B4AC77977001F42B75EF8B713FD42983C906050311A3D7D1582E307753323DA","7B4AC77977001F42B75EF8B713FD42983C906050311A3D7D1582E307753323DA"
"SAME_HASH","src\modules\trace\trace.middleware.js","C:\RUNEFOGE_PRO\runeforge\app\src\modules\trace\trace.middleware.js","C:\RUNEFOGE_PRO\runeforge\runeforge\app\src\modules\trace\trace.middleware.js","0.0004","0.0004","8028F23CBFF196D9EDB93F5B992AAC7662DFA1DC9B7D707EFA152295D61DEA0C","8028F23CBFF196D9EDB93F5B992AAC7662DFA1DC9B7D707EFA152295D61DEA0C"
"DIFFERENT_HASH","src\server.js","C:\RUNEFOGE_PRO\runeforge\app\src\server.js","C:\RUNEFOGE_PRO\runeforge\runeforge\app\src\server.js","0.0007","0.0007","7A04FECF98573E62B2EDD0EEFD3471BF86A5C63D2DC948F691B703614F30B740","9BDCA64D40A281B06D9C454308D529E02AD7486B0CC946566D18097F1704444C"
"SAME_HASH","src\shared\logger.js","C:\RUNEFOGE_PRO\runeforge\app\src\shared\logger.js","C:\RUNEFOGE_PRO\runeforge\runeforge\app\src\shared\logger.js","0.0007","0.0007","40FCB0F56B6F5C3D8AECA23CAB75A27810F9F4454D91450DE50D0512E38AC606","40FCB0F56B6F5C3D8AECA23CAB75A27810F9F4454D91450DE50D0512E38AC606"
"SAME_HASH","validate_start.err.log","C:\RUNEFOGE_PRO\runeforge\app\validate_start.err.log","C:\RUNEFOGE_PRO\runeforge\runeforge\app\validate_start.err.log","0.0011","0.0011","7928CEB0C88209FA5D2E03CEC59C59CF48A79DB1EFBD23CD3C9A336BBD914EA7","7928CEB0C88209FA5D2E03CEC59C59CF48A79DB1EFBD23CD3C9A336BBD914EA7"
"SAME_HASH","validate_start.out.log","C:\RUNEFOGE_PRO\runeforge\app\validate_start.out.log","C:\RUNEFOGE_PRO\runeforge\runeforge\app\validate_start.out.log","0.0015","0.0015","73D35C14602D8D297633C65C6C35A0EF2F9EAD9B15712B22428C8DF56D62CF96","73D35C14602D8D297633C65C6C35A0EF2F9EAD9B15712B22428C8DF56D62CF96"
