"Nombre","Tipo","Decision","Riesgo","Aplicable","CanMove","Bloqueo","Source","SourceExists","Destination","DestinationExists","DestinationParent","DestinationParentExists"
"video_clean_perrito","DIR","MOVER_A_LAB_VIDEO","BAJO","True","True","OK_PARA_APPLY","C:\RUNEFOGE_PRO\video_clean_perrito","True","C:\RUNEFOGE_PRO\lab\video\video_clean_perrito","False","C:\RUNEFOGE_PRO\lab\video","False"
"USB_BACKUPS","DIR","MOVER_A_ARCHIVE_BACKUPS","MEDIO","True","True","OK_PARA_APPLY","C:\RUNEFOGE_PRO\USB_BACKUPS","True","C:\RUNEFOGE_PRO\_archive\old_backups\USB_BACKUPS","False","C:\RUNEFOGE_PRO\_archive\old_backups","False"
"tools","DIR","CONSERVAR_EN_SITIO","BAJO","False","False","NO_APLICABLE_SEGUN_PLAN","C:\RUNEFOGE_PRO\tools","True","C:\RUNEFOGE_PRO\tools","True","C:\RUNEFOGE_PRO","True"
"runeforge-v2-ready","DIR","MOVER_A_ARCHIVE_LEGACY","MEDIO","True","True","OK_PARA_APPLY","C:\RUNEFOGE_PRO\runeforge-v2-ready","True","C:\RUNEFOGE_PRO\_archive\legacy_projects\runeforge-v2-ready","False","C:\RUNEFOGE_PRO\_archive\legacy_projects","False"
"runeforge-mvp","DIR","MOVER_A_ARCHIVE_LEGACY","MEDIO","True","True","OK_PARA_APPLY","C:\RUNEFOGE_PRO\runeforge-mvp","True","C:\RUNEFOGE_PRO\_archive\legacy_projects\runeforge-mvp","False","C:\RUNEFOGE_PRO\_archive\legacy_projects","False"
"runeforge-datahub","DIR","MOVER_A_ARCHIVE_LEGACY","MEDIO","True","True","OK_PARA_APPLY","C:\RUNEFOGE_PRO\runeforge-datahub","True","C:\RUNEFOGE_PRO\_archive\legacy_projects\runeforge-datahub","False","C:\RUNEFOGE_PRO\_archive\legacy_projects","False"
"RUNEFORGE_KNOWLEDGE","DIR","CONSERVAR_EN_SITIO","BAJO","False","False","NO_APLICABLE_SEGUN_PLAN","C:\RUNEFOGE_PRO\RUNEFORGE_KNOWLEDGE","True","C:\RUNEFOGE_PRO\RUNEFORGE_KNOWLEDGE","True","C:\RUNEFOGE_PRO","True"
"runeforge","DIR","BLOQUEADO_NO_TOCAR","ALTO","False","False","BLOQUEADO_PROTEGIDO_POR_NOMBRE","C:\RUNEFOGE_PRO\runeforge","True","C:\RUNEFOGE_PRO\runeforge","True","C:\RUNEFOGE_PRO","True"
"memoria-ia-pack","DIR","MOVER_A_KNOWLEDGE_REVIEW","MEDIO","True","True","OK_PARA_APPLY","C:\RUNEFOGE_PRO\memoria-ia-pack","True","C:\RUNEFOGE_PRO\RUNEFORGE_KNOWLEDGE\memoria-ia-pack","False","C:\RUNEFOGE_PRO\RUNEFORGE_KNOWLEDGE","True"
"memoria-ia","DIR","MOVER_A_KNOWLEDGE_REVIEW","MEDIO","True","True","OK_PARA_APPLY","C:\RUNEFOGE_PRO\memoria-ia","True","C:\RUNEFOGE_PRO\RUNEFORGE_KNOWLEDGE\memoria-ia","False","C:\RUNEFOGE_PRO\RUNEFORGE_KNOWLEDGE","True"
"lab_v1_1_files","DIR","MOVER_A_ARCHIVE_LEGACY","MEDIO","True","True","OK_PARA_APPLY","C:\RUNEFOGE_PRO\lab_v1_1_files","True","C:\RUNEFOGE_PRO\_archive\legacy_projects\lab_v1_1_files","False","C:\RUNEFOGE_PRO\_archive\legacy_projects","False"
"lab","DIR","CONSERVAR_EN_SITIO","BAJO","False","False","NO_APLICABLE_SEGUN_PLAN","C:\RUNEFOGE_PRO\lab","True","C:\RUNEFOGE_PRO\lab","True","C:\RUNEFOGE_PRO","True"
"essential_only","DIR","MOVER_A_ARCHIVE_LEGACY","MEDIO","True","True","OK_PARA_APPLY","C:\RUNEFOGE_PRO\essential_only","True","C:\RUNEFOGE_PRO\_archive\legacy_projects\essential_only","False","C:\RUNEFOGE_PRO\_archive\legacy_projects","False"
"diagnostico","DIR","MOVER_A_ARCHIVE_LEGACY","MEDIO","True","True","OK_PARA_APPLY","C:\RUNEFOGE_PRO\diagnostico","True","C:\RUNEFOGE_PRO\_archive\legacy_projects\diagnostico","False","C:\RUNEFOGE_PRO\_archive\legacy_projects","False"
"core","DIR","MOVER_A_ARCHIVE_LEGACY","MEDIO","True","True","OK_PARA_APPLY","C:\RUNEFOGE_PRO\core","True","C:\RUNEFOGE_PRO\_archive\legacy_projects\core","False","C:\RUNEFOGE_PRO\_archive\legacy_projects","False"
"backups","DIR","CONSERVAR_EN_SITIO","BAJO","False","False","NO_APLICABLE_SEGUN_PLAN","C:\RUNEFOGE_PRO\backups","True","C:\RUNEFOGE_PRO\backups","True","C:\RUNEFOGE_PRO","True"
".tmp.driveupload","DIR","BLOQUEADO_REVISION_MANUAL","MEDIO","False","False","BLOQUEADO_PROTEGIDO_POR_NOMBRE","C:\RUNEFOGE_PRO\.tmp.driveupload","True","PENDIENTE","False","PENDIENTE","False"
".git","DIR","BLOQUEADO_VALIDAR_GIT","ALTO","False","False","BLOQUEADO_PROTEGIDO_POR_NOMBRE","C:\RUNEFOGE_PRO\.git","True","C:\RUNEFOGE_PRO\_archive\git_root_legacy\.git","False","C:\RUNEFOGE_PRO\_archive\git_root_legacy","False"
"Runeforge V2 Scaffold Base.pdf","FILE","MOVER_A_MISC_UNSORTED","BAJO","True","True","OK_PARA_APPLY","C:\RUNEFOGE_PRO\Runeforge V2 Scaffold Base.pdf","True","C:\RUNEFOGE_PRO\_archive\misc_unsorted\Runeforge V2 Scaffold Base.pdf","False","C:\RUNEFOGE_PRO\_archive\misc_unsorted","False"
"Runeforge V2 Scaffold Base (1).pdf","FILE","MOVER_A_MISC_UNSORTED","BAJO","True","True","OK_PARA_APPLY","C:\RUNEFOGE_PRO\Runeforge V2 Scaffold Base (1).pdf","True","C:\RUNEFOGE_PRO\_archive\misc_unsorted\Runeforge V2 Scaffold Base (1).pdf","False","C:\RUNEFOGE_PRO\_archive\misc_unsorted","False"
"Runeforge V2 — Bitácora Operativa.pdf","FILE","MOVER_A_MISC_UNSORTED","BAJO","True","True","OK_PARA_APPLY","C:\RUNEFOGE_PRO\Runeforge V2 — Bitácora Operativa.pdf","True","C:\RUNEFOGE_PRO\_archive\misc_unsorted\Runeforge V2 — Bitácora Operativa.pdf","False","C:\RUNEFOGE_PRO\_archive\misc_unsorted","False"
"Runeforge V2 — Bitácora Operativa (1).pdf","FILE","MOVER_A_MISC_UNSORTED","BAJO","True","True","OK_PARA_APPLY","C:\RUNEFOGE_PRO\Runeforge V2 — Bitácora Operativa (1).pdf","True","C:\RUNEFOGE_PRO\_archive\misc_unsorted\Runeforge V2 — Bitácora Operativa (1).pdf","False","C:\RUNEFOGE_PRO\_archive\misc_unsorted","False"
"Prompt Codex Runeforge Final.pdf","FILE","MOVER_A_MISC_UNSORTED","BAJO","True","True","OK_PARA_APPLY","C:\RUNEFOGE_PRO\Prompt Codex Runeforge Final.pdf","True","C:\RUNEFOGE_PRO\_archive\misc_unsorted\Prompt Codex Runeforge Final.pdf","False","C:\RUNEFOGE_PRO\_archive\misc_unsorted","False"
"netfix_pre_20260505_214746.txt","FILE","MOVER_A_MISC_UNSORTED","BAJO","True","True","OK_PARA_APPLY","C:\RUNEFOGE_PRO\netfix_pre_20260505_214746.txt","True","C:\RUNEFOGE_PRO\_archive\misc_unsorted\netfix_pre_20260505_214746.txt","False","C:\RUNEFOGE_PRO\_archive\misc_unsorted","False"
"MEMORIA RUNEGORGE.txt","FILE","MOVER_A_KNOWLEDGE_REVIEW","MEDIO","True","True","OK_PARA_APPLY","C:\RUNEFOGE_PRO\MEMORIA RUNEGORGE.txt","True","C:\RUNEFOGE_PRO\RUNEFORGE_KNOWLEDGE\MEMORIA RUNEGORGE.txt","False","C:\RUNEFOGE_PRO\RUNEFORGE_KNOWLEDGE","True"
"inventario_20260524_032705.csv","FILE","MOVER_A_MISC_UNSORTED","BAJO","True","True","OK_PARA_APPLY","C:\RUNEFOGE_PRO\inventario_20260524_032705.csv","True","C:\RUNEFOGE_PRO\_archive\misc_unsorted\inventario_20260524_032705.csv","False","C:\RUNEFOGE_PRO\_archive\misc_unsorted","False"
"gpu_info.txt","FILE","MOVER_A_MISC_UNSORTED","BAJO","True","True","OK_PARA_APPLY","C:\RUNEFOGE_PRO\gpu_info.txt","True","C:\RUNEFOGE_PRO\_archive\misc_unsorted\gpu_info.txt","False","C:\RUNEFOGE_PRO\_archive\misc_unsorted","False"
"dxdiag.txt","FILE","MOVER_A_MISC_UNSORTED","BAJO","True","True","OK_PARA_APPLY","C:\RUNEFOGE_PRO\dxdiag.txt","True","C:\RUNEFOGE_PRO\_archive\misc_unsorted\dxdiag.txt","False","C:\RUNEFOGE_PRO\_archive\misc_unsorted","False"
