"edge_id","from_node","to_node","relation","confidence","evidence_event_id","rule_valid"
"edge:evt_20260530_201137_001-domain-event_model","event:evt_20260530_201137_001","domain:event_model","pertenece_a_dominio","1.0","evt_20260530_201137_001","True"
"edge:evt_20260530_201137_001-action-bootstrap_created","event:evt_20260530_201137_001","action:bootstrap_created","ejecuto_accion","1.0","evt_20260530_201137_001","True"
"edge:evt_20260530_201137_001-status-ok","event:evt_20260530_201137_001","status:ok","tiene_estado","1.0","evt_20260530_201137_001","True"
"edge:evt_20260530_201137_001-risk-low","event:evt_20260530_201137_001","risk:low","tiene_riesgo","1.0","evt_20260530_201137_001","True"
"edge:evt_20260530_201137_001-trace","event:evt_20260530_201137_001","trace_file:rf_event_schema_v1_bootstrap_20260530_200901.json","registrado_en","1.0","evt_20260530_201137_001","True"
"edge:evt_20260530_201137_002-domain-export_cleanup","event:evt_20260530_201137_002","domain:export_cleanup","pertenece_a_dominio","1.0","evt_20260530_201137_002","True"
"edge:evt_20260530_201137_002-action-cleanup_closed","event:evt_20260530_201137_002","action:cleanup_closed","ejecuto_accion","1.0","evt_20260530_201137_002","True"
"edge:evt_20260530_201137_002-status-closed","event:evt_20260530_201137_002","status:closed","tiene_estado","1.0","evt_20260530_201137_002","True"
"edge:evt_20260530_201137_002-risk-low","event:evt_20260530_201137_002","risk:low","tiene_riesgo","1.0","evt_20260530_201137_002","True"
"edge:evt_20260530_201137_002-trace","event:evt_20260530_201137_002","trace_file:rf_export_cleanup_close_v1_20260530_194238.json","registrado_en","1.0","evt_20260530_201137_002","True"
"edge:evt_20260530_201137_003-domain-export_cleanup","event:evt_20260530_201137_003","domain:export_cleanup","pertenece_a_dominio","1.0","evt_20260530_201137_003","True"
"edge:evt_20260530_201137_003-action-move_to_quarantine","event:evt_20260530_201137_003","action:move_to_quarantine","ejecuto_accion","1.0","evt_20260530_201137_003","True"
"edge:evt_20260530_201137_003-status-ok","event:evt_20260530_201137_003","status:ok","tiene_estado","1.0","evt_20260530_201137_003","True"
"edge:evt_20260530_201137_003-risk-low","event:evt_20260530_201137_003","risk:low","tiene_riesgo","1.0","evt_20260530_201137_003","True"
"edge:evt_20260530_201137_003-trace","event:evt_20260530_201137_003","trace_file:rf_export_cleanup_quarantine_v1_1_20260530_193605.json","registrado_en","1.0","evt_20260530_201137_003","True"
"edge:evt_20260530_201137_004-domain-export_cleanup","event:evt_20260530_201137_004","domain:export_cleanup","pertenece_a_dominio","1.0","evt_20260530_201137_004","True"
"edge:evt_20260530_201137_004-action-cleanup_plan_generated","event:evt_20260530_201137_004","action:cleanup_plan_generated","ejecuto_accion","1.0","evt_20260530_201137_004","True"
"edge:evt_20260530_201137_004-status-ok","event:evt_20260530_201137_004","status:ok","tiene_estado","1.0","evt_20260530_201137_004","True"
"edge:evt_20260530_201137_004-risk-low","event:evt_20260530_201137_004","risk:low","tiene_riesgo","1.0","evt_20260530_201137_004","True"
"edge:evt_20260530_201137_004-trace","event:evt_20260530_201137_004","trace_file:rf_export_cleanup_plan_v1_20260530_032953.json","registrado_en","1.0","evt_20260530_201137_004","True"
"edge:evt_20260530_201137_005-domain-export_cleanup","event:evt_20260530_201137_005","domain:export_cleanup","pertenece_a_dominio","1.0","evt_20260530_201137_005","True"
"edge:evt_20260530_201137_005-action-safe_export_finalized","event:evt_20260530_201137_005","action:safe_export_finalized","ejecuto_accion","1.0","evt_20260530_201137_005","True"
"edge:evt_20260530_201137_005-status-ok","event:evt_20260530_201137_005","status:ok","tiene_estado","1.0","evt_20260530_201137_005","True"
"edge:evt_20260530_201137_005-risk-low","event:evt_20260530_201137_005","risk:low","tiene_riesgo","1.0","evt_20260530_201137_005","True"
"edge:evt_20260530_201137_005-trace","event:evt_20260530_201137_005","trace_file:rf_safe_export_final_20260530_031637.json","registrado_en","1.0","evt_20260530_201137_005","True"
"edge:evt_20260530_201137_006-domain-export_cleanup","event:evt_20260530_201137_006","domain:export_cleanup","pertenece_a_dominio","1.0","evt_20260530_201137_006","True"
"edge:evt_20260530_201137_006-action-safe_export_finalized","event:evt_20260530_201137_006","action:safe_export_finalized","ejecuto_accion","1.0","evt_20260530_201137_006","True"
"edge:evt_20260530_201137_006-status-ok","event:evt_20260530_201137_006","status:ok","tiene_estado","1.0","evt_20260530_201137_006","True"
"edge:evt_20260530_201137_006-risk-low","event:evt_20260530_201137_006","risk:low","tiene_riesgo","1.0","evt_20260530_201137_006","True"
"edge:evt_20260530_201137_006-trace","event:evt_20260530_201137_006","trace_file:rf_safe_export_final_20260530_031131.json","registrado_en","1.0","evt_20260530_201137_006","True"
"edge:evt_20260530_201137_007-domain-actions","event:evt_20260530_201137_007","domain:actions","pertenece_a_dominio","1.0","evt_20260530_201137_007","True"
"edge:evt_20260530_201137_007-action-trace_observed","event:evt_20260530_201137_007","action:trace_observed","ejecuto_accion","1.0","evt_20260530_201137_007","True"
"edge:evt_20260530_201137_007-status-error","event:evt_20260530_201137_007","status:error","tiene_estado","1.0","evt_20260530_201137_007","True"
"edge:evt_20260530_201137_007-risk-medium","event:evt_20260530_201137_007","risk:medium","tiene_riesgo","1.0","evt_20260530_201137_007","True"
"edge:evt_20260530_201137_007-trace","event:evt_20260530_201137_007","trace_file:rf_actions_v4_error_20260526.jsonl","registrado_en","1.0","evt_20260530_201137_007","True"
"edge:evt_20260530_201137_008-domain-actions","event:evt_20260530_201137_008","domain:actions","pertenece_a_dominio","1.0","evt_20260530_201137_008","True"
"edge:evt_20260530_201137_008-action-patch_applied","event:evt_20260530_201137_008","action:patch_applied","ejecuto_accion","1.0","evt_20260530_201137_008","True"
"edge:evt_20260530_201137_008-status-ok","event:evt_20260530_201137_008","status:ok","tiene_estado","1.0","evt_20260530_201137_008","True"
"edge:evt_20260530_201137_008-risk-low","event:evt_20260530_201137_008","risk:low","tiene_riesgo","1.0","evt_20260530_201137_008","True"
"edge:evt_20260530_201137_008-trace","event:evt_20260530_201137_008","trace_file:rf_core_actions_v5_endpoint_patch_20260523_183102.json","registrado_en","1.0","evt_20260530_201137_008","True"
"edge:evt_20260530_201137_009-domain-actions","event:evt_20260530_201137_009","domain:actions","pertenece_a_dominio","1.0","evt_20260530_201137_009","True"
"edge:evt_20260530_201137_009-action-blocked_action","event:evt_20260530_201137_009","action:blocked_action","ejecuto_accion","1.0","evt_20260530_201137_009","True"
"edge:evt_20260530_201137_009-status-blocked","event:evt_20260530_201137_009","status:blocked","tiene_estado","1.0","evt_20260530_201137_009","True"
"edge:evt_20260530_201137_009-risk-medium","event:evt_20260530_201137_009","risk:medium","tiene_riesgo","1.0","evt_20260530_201137_009","True"
"edge:evt_20260530_201137_009-trace","event:evt_20260530_201137_009","trace_file:rf_actions_v5_blocked_20260524.jsonl","registrado_en","1.0","evt_20260530_201137_009","True"
"edge:evt_20260530_201137_010-domain-actions","event:evt_20260530_201137_010","domain:actions","pertenece_a_dominio","1.0","evt_20260530_201137_010","True"
"edge:evt_20260530_201137_010-action-action_execute","event:evt_20260530_201137_010","action:action_execute","ejecuto_accion","1.0","evt_20260530_201137_010","True"
"edge:evt_20260530_201137_010-status-ok","event:evt_20260530_201137_010","status:ok","tiene_estado","1.0","evt_20260530_201137_010","True"
"edge:evt_20260530_201137_010-risk-low","event:evt_20260530_201137_010","risk:low","tiene_riesgo","1.0","evt_20260530_201137_010","True"
"edge:evt_20260530_201137_010-trace","event:evt_20260530_201137_010","trace_file:rf_actions_v5_execute_20260524.jsonl","registrado_en","1.0","evt_20260530_201137_010","True"
"edge:evt_20260530_201137_011-domain-actions","event:evt_20260530_201137_011","domain:actions","pertenece_a_dominio","1.0","evt_20260530_201137_011","True"
"edge:evt_20260530_201137_011-action-trace_observed","event:evt_20260530_201137_011","action:trace_observed","ejecuto_accion","1.0","evt_20260530_201137_011","True"
"edge:evt_20260530_201137_011-status-ok","event:evt_20260530_201137_011","status:ok","tiene_estado","1.0","evt_20260530_201137_011","True"
"edge:evt_20260530_201137_011-risk-low","event:evt_20260530_201137_011","risk:low","tiene_riesgo","1.0","evt_20260530_201137_011","True"
"edge:evt_20260530_201137_011-trace","event:evt_20260530_201137_011","trace_file:rf_actions_v5_core_health_snapshot_2026-05-24t00-31-23-836z.json","registrado_en","1.0","evt_20260530_201137_011","True"
"edge:evt_20260530_201137_012-domain-actions","event:evt_20260530_201137_012","domain:actions","pertenece_a_dominio","1.0","evt_20260530_201137_012","True"
"edge:evt_20260530_201137_012-action-memory_written","event:evt_20260530_201137_012","action:memory_written","ejecuto_accion","1.0","evt_20260530_201137_012","True"
"edge:evt_20260530_201137_012-status-ok","event:evt_20260530_201137_012","status:ok","tiene_estado","1.0","evt_20260530_201137_012","True"
"edge:evt_20260530_201137_012-risk-low","event:evt_20260530_201137_012","risk:low","tiene_riesgo","1.0","evt_20260530_201137_012","True"
"edge:evt_20260530_201137_012-trace","event:evt_20260530_201137_012","trace_file:rf_actions_v5_memory_event_20260524.jsonl","registrado_en","1.0","evt_20260530_201137_012","True"
"edge:evt_20260530_201137_013-domain-n8n","event:evt_20260530_201137_013","domain:n8n","pertenece_a_dominio","1.0","evt_20260530_201137_013","True"
"edge:evt_20260530_201137_013-action-trace_observed","event:evt_20260530_201137_013","action:trace_observed","ejecuto_accion","1.0","evt_20260530_201137_013","True"
"edge:evt_20260530_201137_013-status-ok","event:evt_20260530_201137_013","status:ok","tiene_estado","1.0","evt_20260530_201137_013","True"
"edge:evt_20260530_201137_013-risk-low","event:evt_20260530_201137_013","risk:low","tiene_riesgo","1.0","evt_20260530_201137_013","True"
"edge:evt_20260530_201137_013-trace","event:evt_20260530_201137_013","trace_file:rf_n8n_canary_2_20_12_start_5680_localhost.jsonl","registrado_en","1.0","evt_20260530_201137_013","True"
"edge:evt_20260530_201137_014-domain-actions","event:evt_20260530_201137_014","domain:actions","pertenece_a_dominio","1.0","evt_20260530_201137_014","True"
"edge:evt_20260530_201137_014-action-trace_observed","event:evt_20260530_201137_014","action:trace_observed","ejecuto_accion","1.0","evt_20260530_201137_014","True"
"edge:evt_20260530_201137_014-status-ok","event:evt_20260530_201137_014","status:ok","tiene_estado","1.0","evt_20260530_201137_014","True"
"edge:evt_20260530_201137_014-risk-low","event:evt_20260530_201137_014","risk:low","tiene_riesgo","1.0","evt_20260530_201137_014","True"
"edge:evt_20260530_201137_014-trace","event:evt_20260530_201137_014","trace_file:rf_n8n_action_router_v5_import_20260523_162713.json","registrado_en","1.0","evt_20260530_201137_014","True"
"edge:evt_20260530_201137_015-domain-actions","event:evt_20260530_201137_015","domain:actions","pertenece_a_dominio","1.0","evt_20260530_201137_015","True"
"edge:evt_20260530_201137_015-action-trace_observed","event:evt_20260530_201137_015","action:trace_observed","ejecuto_accion","1.0","evt_20260530_201137_015","True"
"edge:evt_20260530_201137_015-status-ok","event:evt_20260530_201137_015","status:ok","tiene_estado","1.0","evt_20260530_201137_015","True"
"edge:evt_20260530_201137_015-risk-low","event:evt_20260530_201137_015","risk:low","tiene_riesgo","1.0","evt_20260530_201137_015","True"
"edge:evt_20260530_201137_015-trace","event:evt_20260530_201137_015","trace_file:rf_n8n_action_router_v5_allowlist_audit_20260523_140701.json","registrado_en","1.0","evt_20260530_201137_015","True"
"edge:evt_20260530_201137_016-domain-actions","event:evt_20260530_201137_016","domain:actions","pertenece_a_dominio","1.0","evt_20260530_201137_016","True"
"edge:evt_20260530_201137_016-action-action_execute","event:evt_20260530_201137_016","action:action_execute","ejecuto_accion","1.0","evt_20260530_201137_016","True"
"edge:evt_20260530_201137_016-status-ok","event:evt_20260530_201137_016","status:ok","tiene_estado","1.0","evt_20260530_201137_016","True"
"edge:evt_20260530_201137_016-risk-low","event:evt_20260530_201137_016","risk:low","tiene_riesgo","1.0","evt_20260530_201137_016","True"
"edge:evt_20260530_201137_016-trace","event:evt_20260530_201137_016","trace_file:rf_actions_v4_execute_20260523.jsonl","registrado_en","1.0","evt_20260530_201137_016","True"
"edge:evt_20260530_201137_017-domain-actions","event:evt_20260530_201137_017","domain:actions","pertenece_a_dominio","1.0","evt_20260530_201137_017","True"
"edge:evt_20260530_201137_017-action-trace_observed","event:evt_20260530_201137_017","action:trace_observed","ejecuto_accion","1.0","evt_20260530_201137_017","True"
"edge:evt_20260530_201137_017-status-ok","event:evt_20260530_201137_017","status:ok","tiene_estado","1.0","evt_20260530_201137_017","True"
"edge:evt_20260530_201137_017-risk-low","event:evt_20260530_201137_017","risk:low","tiene_riesgo","1.0","evt_20260530_201137_017","True"
"edge:evt_20260530_201137_017-trace","event:evt_20260530_201137_017","trace_file:rf_actions_v5_blueprint_20260523_130354.json","registrado_en","1.0","evt_20260530_201137_017","True"
"edge:evt_20260530_201137_018-domain-system","event:evt_20260530_201137_018","domain:system","pertenece_a_dominio","1.0","evt_20260530_201137_018","True"
"edge:evt_20260530_201137_018-action-memory_written","event:evt_20260530_201137_018","action:memory_written","ejecuto_accion","1.0","evt_20260530_201137_018","True"
"edge:evt_20260530_201137_018-status-ok","event:evt_20260530_201137_018","status:ok","tiene_estado","1.0","evt_20260530_201137_018","True"
"edge:evt_20260530_201137_018-risk-low","event:evt_20260530_201137_018","risk:low","tiene_riesgo","1.0","evt_20260530_201137_018","True"
"edge:evt_20260530_201137_018-trace","event:evt_20260530_201137_018","trace_file:rf_actions_controladas_v4_memory_20260523_124422.json","registrado_en","1.0","evt_20260530_201137_018","True"
"edge:evt_20260530_201137_019-domain-actions","event:evt_20260530_201137_019","domain:actions","pertenece_a_dominio","1.0","evt_20260530_201137_019","True"
"edge:evt_20260530_201137_019-action-blocked_action","event:evt_20260530_201137_019","action:blocked_action","ejecuto_accion","1.0","evt_20260530_201137_019","True"
"edge:evt_20260530_201137_019-status-blocked","event:evt_20260530_201137_019","status:blocked","tiene_estado","1.0","evt_20260530_201137_019","True"
"edge:evt_20260530_201137_019-risk-medium","event:evt_20260530_201137_019","risk:medium","tiene_riesgo","1.0","evt_20260530_201137_019","True"
"edge:evt_20260530_201137_019-trace","event:evt_20260530_201137_019","trace_file:rf_actions_v4_blocked_20260523.jsonl","registrado_en","1.0","evt_20260530_201137_019","True"
"edge:evt_20260530_201137_020-domain-actions","event:evt_20260530_201137_020","domain:actions","pertenece_a_dominio","1.0","evt_20260530_201137_020","True"
"edge:evt_20260530_201137_020-action-trace_observed","event:evt_20260530_201137_020","action:trace_observed","ejecuto_accion","1.0","evt_20260530_201137_020","True"
"edge:evt_20260530_201137_020-status-ok","event:evt_20260530_201137_020","status:ok","tiene_estado","1.0","evt_20260530_201137_020","True"
"edge:evt_20260530_201137_020-risk-low","event:evt_20260530_201137_020","risk:low","tiene_riesgo","1.0","evt_20260530_201137_020","True"
"edge:evt_20260530_201137_020-trace","event:evt_20260530_201137_020","trace_file:rf_actions_v4_trace_event_20260523.jsonl","registrado_en","1.0","evt_20260530_201137_020","True"
"edge:evt_20260530_201137_021-domain-system","event:evt_20260530_201137_021","domain:system","pertenece_a_dominio","1.0","evt_20260530_201137_021","True"
"edge:evt_20260530_201137_021-action-patch_applied","event:evt_20260530_201137_021","action:patch_applied","ejecuto_accion","1.0","evt_20260530_201137_021","True"
"edge:evt_20260530_201137_021-status-ok","event:evt_20260530_201137_021","status:ok","tiene_estado","1.0","evt_20260530_201137_021","True"
"edge:evt_20260530_201137_021-risk-low","event:evt_20260530_201137_021","risk:low","tiene_riesgo","1.0","evt_20260530_201137_021","True"
"edge:evt_20260530_201137_021-trace","event:evt_20260530_201137_021","trace_file:rf_actions_controladas_v4_patch_safe_20260523_123833.json","registrado_en","1.0","evt_20260530_201137_021","True"
"edge:evt_20260530_201137_022-domain-actions","event:evt_20260530_201137_022","domain:actions","pertenece_a_dominio","1.0","evt_20260530_201137_022","True"
"edge:evt_20260530_201137_022-action-trace_observed","event:evt_20260530_201137_022","action:trace_observed","ejecuto_accion","1.0","evt_20260530_201137_022","True"
"edge:evt_20260530_201137_022-status-error","event:evt_20260530_201137_022","status:error","tiene_estado","1.0","evt_20260530_201137_022","True"
"edge:evt_20260530_201137_022-risk-medium","event:evt_20260530_201137_022","risk:medium","tiene_riesgo","1.0","evt_20260530_201137_022","True"
"edge:evt_20260530_201137_022-trace","event:evt_20260530_201137_022","trace_file:rf_actions_v4_error_20260523.jsonl","registrado_en","1.0","evt_20260530_201137_022","True"
"edge:evt_20260530_201137_023-domain-actions","event:evt_20260530_201137_023","domain:actions","pertenece_a_dominio","1.0","evt_20260530_201137_023","True"
"edge:evt_20260530_201137_023-action-trace_observed","event:evt_20260530_201137_023","action:trace_observed","ejecuto_accion","1.0","evt_20260530_201137_023","True"
"edge:evt_20260530_201137_023-status-ok","event:evt_20260530_201137_023","status:ok","tiene_estado","1.0","evt_20260530_201137_023","True"
"edge:evt_20260530_201137_023-risk-low","event:evt_20260530_201137_023","risk:low","tiene_riesgo","1.0","evt_20260530_201137_023","True"
"edge:evt_20260530_201137_023-trace","event:evt_20260530_201137_023","trace_file:rf_core_n8n_action_router_v3_20260523.jsonl","registrado_en","1.0","evt_20260530_201137_023","True"
"edge:evt_20260530_201137_024-domain-actions","event:evt_20260530_201137_024","domain:actions","pertenece_a_dominio","1.0","evt_20260530_201137_024","True"
"edge:evt_20260530_201137_024-action-memory_written","event:evt_20260530_201137_024","action:memory_written","ejecuto_accion","1.0","evt_20260530_201137_024","True"
"edge:evt_20260530_201137_024-status-ok","event:evt_20260530_201137_024","status:ok","tiene_estado","1.0","evt_20260530_201137_024","True"
"edge:evt_20260530_201137_024-risk-low","event:evt_20260530_201137_024","risk:low","tiene_riesgo","1.0","evt_20260530_201137_024","True"
"edge:evt_20260530_201137_024-trace","event:evt_20260530_201137_024","trace_file:rf_n8n_action_router_v3_memory_20260523_111848.json","registrado_en","1.0","evt_20260530_201137_024","True"
"edge:evt_20260530_201137_025-domain-actions","event:evt_20260530_201137_025","domain:actions","pertenece_a_dominio","1.0","evt_20260530_201137_025","True"
"edge:evt_20260530_201137_025-action-patch_applied","event:evt_20260530_201137_025","action:patch_applied","ejecuto_accion","1.0","evt_20260530_201137_025","True"
"edge:evt_20260530_201137_025-status-ok","event:evt_20260530_201137_025","status:ok","tiene_estado","1.0","evt_20260530_201137_025","True"
"edge:evt_20260530_201137_025-risk-low","event:evt_20260530_201137_025","risk:low","tiene_riesgo","1.0","evt_20260530_201137_025","True"
"edge:evt_20260530_201137_025-trace","event:evt_20260530_201137_025","trace_file:rf_core_n8n_action_router_v3_endpoint_patch_20260523_111534.json","registrado_en","1.0","evt_20260530_201137_025","True"
"edge:evt_20260530_201137_026-domain-actions","event:evt_20260530_201137_026","domain:actions","pertenece_a_dominio","1.0","evt_20260530_201137_026","True"
"edge:evt_20260530_201137_026-action-trace_observed","event:evt_20260530_201137_026","action:trace_observed","ejecuto_accion","1.0","evt_20260530_201137_026","True"
"edge:evt_20260530_201137_026-status-ok","event:evt_20260530_201137_026","status:ok","tiene_estado","1.0","evt_20260530_201137_026","True"
"edge:evt_20260530_201137_026-risk-low","event:evt_20260530_201137_026","risk:low","tiene_riesgo","1.0","evt_20260530_201137_026","True"
"edge:evt_20260530_201137_026-trace","event:evt_20260530_201137_026","trace_file:rf_n8n_action_router_v3_import_20260523_110639.json","registrado_en","1.0","evt_20260530_201137_026","True"
"edge:evt_20260530_201137_027-domain-n8n","event:evt_20260530_201137_027","domain:n8n","pertenece_a_dominio","1.0","evt_20260530_201137_027","True"
"edge:evt_20260530_201137_027-action-memory_written","event:evt_20260530_201137_027","action:memory_written","ejecuto_accion","1.0","evt_20260530_201137_027","True"
"edge:evt_20260530_201137_027-status-ok","event:evt_20260530_201137_027","status:ok","tiene_estado","1.0","evt_20260530_201137_027","True"
"edge:evt_20260530_201137_027-risk-low","event:evt_20260530_201137_027","risk:low","tiene_riesgo","1.0","evt_20260530_201137_027","True"
"edge:evt_20260530_201137_027-trace","event:evt_20260530_201137_027","trace_file:rf_core_n8n_task_intake_memory_v2_20260523_105503.json","registrado_en","1.0","evt_20260530_201137_027","True"
"edge:evt_20260530_201137_028-domain-n8n","event:evt_20260530_201137_028","domain:n8n","pertenece_a_dominio","1.0","evt_20260530_201137_028","True"
"edge:evt_20260530_201137_028-action-patch_applied","event:evt_20260530_201137_028","action:patch_applied","ejecuto_accion","1.0","evt_20260530_201137_028","True"
"edge:evt_20260530_201137_028-status-ok","event:evt_20260530_201137_028","status:ok","tiene_estado","1.0","evt_20260530_201137_028","True"
"edge:evt_20260530_201137_028-risk-low","event:evt_20260530_201137_028","risk:low","tiene_riesgo","1.0","evt_20260530_201137_028","True"
"edge:evt_20260530_201137_028-trace","event:evt_20260530_201137_028","trace_file:rf_core_n8n_task_intake_endpoint_patch_v1_20260523_104229.json","registrado_en","1.0","evt_20260530_201137_028","True"
"edge:evt_20260530_201137_029-domain-n8n","event:evt_20260530_201137_029","domain:n8n","pertenece_a_dominio","1.0","evt_20260530_201137_029","True"
"edge:evt_20260530_201137_029-action-trace_observed","event:evt_20260530_201137_029","action:trace_observed","ejecuto_accion","1.0","evt_20260530_201137_029","True"
"edge:evt_20260530_201137_029-status-ok","event:evt_20260530_201137_029","status:ok","tiene_estado","1.0","evt_20260530_201137_029","True"
"edge:evt_20260530_201137_029-risk-low","event:evt_20260530_201137_029","risk:low","tiene_riesgo","1.0","evt_20260530_201137_029","True"
"edge:evt_20260530_201137_029-trace","event:evt_20260530_201137_029","trace_file:rf_core_n8n_task_intake_20260523.jsonl","registrado_en","1.0","evt_20260530_201137_029","True"
"edge:evt_20260530_201137_030-domain-n8n","event:evt_20260530_201137_030","domain:n8n","pertenece_a_dominio","1.0","evt_20260530_201137_030","True"
"edge:evt_20260530_201137_030-action-trace_observed","event:evt_20260530_201137_030","action:trace_observed","ejecuto_accion","1.0","evt_20260530_201137_030","True"
"edge:evt_20260530_201137_030-status-ok","event:evt_20260530_201137_030","status:ok","tiene_estado","1.0","evt_20260530_201137_030","True"
"edge:evt_20260530_201137_030-risk-low","event:evt_20260530_201137_030","risk:low","tiene_riesgo","1.0","evt_20260530_201137_030","True"
"edge:evt_20260530_201137_030-trace","event:evt_20260530_201137_030","trace_file:rf_n8n_task_intake_v2_import_20260523_102528.json","registrado_en","1.0","evt_20260530_201137_030","True"
