"Risk","Kind","Pattern","Path","SizeKB","Exists"
"HIGH","env_file","TOKEN_ASSIGNMENT","C:\RUNEFOGE_PRO\runeforge-v2-ready\runeforge-v2\.env","0.3","True"
"MEDIUM_CODE_CONFIG","code_config","TOKEN_ASSIGNMENT","C:\RUNEFOGE_PRO\runeforge-v2-ready\runeforge-v2\src\core\auth.ts","0.41","True"
"MEDIUM_CODE_CONFIG","code_config","TOKEN_ASSIGNMENT","C:\RUNEFOGE_PRO\runeforge-v2-ready\runeforge-v2\src\core\config.ts","1.05","True"
"MEDIUM_CODE_CONFIG","code_config","TOKEN_ASSIGNMENT","C:\RUNEFOGE_PRO\runeforge-mvp\runeforge-mvp\src\config\env.js","0.98","True"
"MEDIUM_CODE_CONFIG","code_config","TOKEN_ASSIGNMENT","C:\RUNEFOGE_PRO\runeforge-mvp\runeforge-mvp\src\adapters\whatsapp\whatsapp.webhook.routes.js","0.87","True"
"HIGH","env_file","TOKEN_ASSIGNMENT","C:\RUNEFOGE_PRO\runeforge-mvp\runeforge-mvp\runeforge-mvp\.env","0.5","True"
"MEDIUM_CODE_CONFIG","code_config","TOKEN_ASSIGNMENT","C:\RUNEFOGE_PRO\runeforge-mvp\runeforge-mvp\runeforge-mvp\src\config\env.js","1.2","True"
"MEDIUM_CODE_CONFIG","code_config","TOKEN_ASSIGNMENT","C:\RUNEFOGE_PRO\runeforge-mvp\runeforge-mvp\runeforge-mvp\src\adapters\whatsapp\whatsapp.webhook.routes.js","0.87","True"
"LOW_ARCHIVE_FALSE_POSITIVE_LIKELY","archive_or_vendor","PASSWORD_ASSIGNMENT","C:\RUNEFOGE_PRO\runeforge-mvp\runeforge-mvp\retro\_downloads\PPSSPPWindowsARM64\assets\debugger\static\js\main.fe87e942.js","571.56","True"
"LOW_ARCHIVE_FALSE_POSITIVE_LIKELY","archive_or_vendor","TOKEN_ASSIGNMENT","C:\RUNEFOGE_PRO\runeforge-mvp\runeforge-mvp\_archive\source-zips\Sunshine-master\Sunshine-master\README.md","13.19","True"
"LOW_ARCHIVE_FALSE_POSITIVE_LIKELY","archive_or_vendor","PASSWORD_ASSIGNMENT","C:\RUNEFOGE_PRO\runeforge-mvp\runeforge-mvp\_archive\source-zips\Sunshine-master\Sunshine-master\vite.config.js","3.05","True"
"LOW_ARCHIVE_FALSE_POSITIVE_LIKELY","archive_or_vendor","TOKEN_ASSIGNMENT","C:\RUNEFOGE_PRO\runeforge-mvp\runeforge-mvp\_archive\source-zips\Sunshine-master\Sunshine-master\vite.config.js","3.05","True"
"LOW_ARCHIVE_FALSE_POSITIVE_LIKELY","archive_or_vendor","TOKEN_ASSIGNMENT","C:\RUNEFOGE_PRO\runeforge-mvp\runeforge-mvp\_archive\source-zips\Sunshine-master\Sunshine-master\docs\api.md","2.9","True"
"LOW_ARCHIVE_FALSE_POSITIVE_LIKELY","archive_or_vendor","TOKEN_ASSIGNMENT","C:\RUNEFOGE_PRO\runeforge-mvp\runeforge-mvp\_archive\source-zips\Sunshine-master\Sunshine-master\.github\workflows\ci-bundle.yml","0.74","True"
"LOW_ARCHIVE_FALSE_POSITIVE_LIKELY","archive_or_vendor","TOKEN_ASSIGNMENT","C:\RUNEFOGE_PRO\runeforge-mvp\runeforge-mvp\_archive\source-zips\Sunshine-master\Sunshine-master\.github\workflows\ci-copr.yml","2.16","True"
"LOW_ARCHIVE_FALSE_POSITIVE_LIKELY","archive_or_vendor","TOKEN_ASSIGNMENT","C:\RUNEFOGE_PRO\runeforge-mvp\runeforge-mvp\_archive\source-zips\Sunshine-master\Sunshine-master\.github\workflows\ci-homebrew.yml","9.26","True"
"LOW_ARCHIVE_FALSE_POSITIVE_LIKELY","archive_or_vendor","PASSWORD_ASSIGNMENT","C:\RUNEFOGE_PRO\runeforge-mvp\runeforge-mvp\_archive\source-zips\Sunshine-master\Sunshine-master\.github\workflows\ci-macos.yml","10.03","True"
"LOW_ARCHIVE_FALSE_POSITIVE_LIKELY","archive_or_vendor","TOKEN_ASSIGNMENT","C:\RUNEFOGE_PRO\runeforge-mvp\runeforge-mvp\_archive\source-zips\Sunshine-master\Sunshine-master\.github\workflows\ci-windows.yml","12.42","True"
"LOW_SELF_PATTERN_FALSE_POSITIVE_LIKELY","scanner_self_match","PRIVATE_KEY_BLOCK","C:\RUNEFOGE_PRO\runeforge\scripts\Invoke-RuneforgeInventoryAudit.ps1","13.56","True"
"HIGH","env_file","TOKEN_ASSIGNMENT","C:\RUNEFOGE_PRO\runeforge\runeforge\app\.env","0.5","True"
"MEDIUM_CODE_CONFIG","code_config","TOKEN_ASSIGNMENT","C:\RUNEFOGE_PRO\runeforge\runeforge\app\src\config\env.js","1.2","True"
"MEDIUM_CODE_CONFIG","code_config","TOKEN_ASSIGNMENT","C:\RUNEFOGE_PRO\runeforge\runeforge\app\src\adapters\whatsapp\whatsapp.webhook.routes.js","0.87","True"
"LOW_ARCHIVE_FALSE_POSITIVE_LIKELY","archive_or_vendor","PASSWORD_ASSIGNMENT","C:\RUNEFOGE_PRO\runeforge\runeforge\app\retro\_downloads\PPSSPPWindowsARM64\assets\debugger\static\js\main.fe87e942.js","571.56","True"
"LOW_ARCHIVE_FALSE_POSITIVE_LIKELY","archive_or_vendor","TOKEN_ASSIGNMENT","C:\RUNEFOGE_PRO\runeforge\runeforge\app\_archive\source-zips\Sunshine-master\Sunshine-master\README.md","13.19","True"
"LOW_ARCHIVE_FALSE_POSITIVE_LIKELY","archive_or_vendor","PASSWORD_ASSIGNMENT","C:\RUNEFOGE_PRO\runeforge\runeforge\app\_archive\source-zips\Sunshine-master\Sunshine-master\vite.config.js","3.05","True"
"LOW_ARCHIVE_FALSE_POSITIVE_LIKELY","archive_or_vendor","TOKEN_ASSIGNMENT","C:\RUNEFOGE_PRO\runeforge\runeforge\app\_archive\source-zips\Sunshine-master\Sunshine-master\vite.config.js","3.05","True"
"LOW_ARCHIVE_FALSE_POSITIVE_LIKELY","archive_or_vendor","TOKEN_ASSIGNMENT","C:\RUNEFOGE_PRO\runeforge\runeforge\app\_archive\source-zips\Sunshine-master\Sunshine-master\docs\api.md","2.9","True"
"LOW_ARCHIVE_FALSE_POSITIVE_LIKELY","archive_or_vendor","TOKEN_ASSIGNMENT","C:\RUNEFOGE_PRO\runeforge\runeforge\app\_archive\source-zips\Sunshine-master\Sunshine-master\.github\workflows\ci-bundle.yml","0.74","True"
"LOW_ARCHIVE_FALSE_POSITIVE_LIKELY","archive_or_vendor","TOKEN_ASSIGNMENT","C:\RUNEFOGE_PRO\runeforge\runeforge\app\_archive\source-zips\Sunshine-master\Sunshine-master\.github\workflows\ci-copr.yml","2.16","True"
"LOW_ARCHIVE_FALSE_POSITIVE_LIKELY","archive_or_vendor","TOKEN_ASSIGNMENT","C:\RUNEFOGE_PRO\runeforge\runeforge\app\_archive\source-zips\Sunshine-master\Sunshine-master\.github\workflows\ci-homebrew.yml","9.26","True"
"LOW_ARCHIVE_FALSE_POSITIVE_LIKELY","archive_or_vendor","PASSWORD_ASSIGNMENT","C:\RUNEFOGE_PRO\runeforge\runeforge\app\_archive\source-zips\Sunshine-master\Sunshine-master\.github\workflows\ci-macos.yml","10.03","True"
"LOW_ARCHIVE_FALSE_POSITIVE_LIKELY","archive_or_vendor","TOKEN_ASSIGNMENT","C:\RUNEFOGE_PRO\runeforge\runeforge\app\_archive\source-zips\Sunshine-master\Sunshine-master\.github\workflows\ci-windows.yml","12.42","True"
"MEDIUM","terminal_export","TOKEN_ASSIGNMENT","C:\RUNEFOGE_PRO\runeforge\data\commander\exports\capture_fix02a_source_read_20260425_025605.txt","3.52","True"
"MEDIUM","terminal_export","TOKEN_ASSIGNMENT","C:\RUNEFOGE_PRO\runeforge\data\commander\exports\latest-terminal-export.clean.txt","3.52","True"
"MEDIUM","terminal_export","TOKEN_ASSIGNMENT","C:\RUNEFOGE_PRO\runeforge\data\commander\exports\latest-terminal-export.txt","3.52","True"
"HIGH","env_file","TOKEN_ASSIGNMENT","C:\RUNEFOGE_PRO\runeforge\app\.env","0.5","True"
"MEDIUM_CODE_CONFIG","code_config","TOKEN_ASSIGNMENT","C:\RUNEFOGE_PRO\runeforge\app\src\config\env.js","1.27","True"
"MEDIUM_CODE_CONFIG","code_config","TOKEN_ASSIGNMENT","C:\RUNEFOGE_PRO\runeforge\app\src\adapters\whatsapp\whatsapp.webhook.routes.js","0.87","True"
"LOW_ARCHIVE_FALSE_POSITIVE_LIKELY","archive_or_vendor","PASSWORD_ASSIGNMENT","C:\RUNEFOGE_PRO\runeforge\app\retro\_downloads\PPSSPPWindowsARM64\assets\debugger\static\js\main.fe87e942.js","571.56","True"
"LOW_ARCHIVE_FALSE_POSITIVE_LIKELY","archive_or_vendor","TOKEN_ASSIGNMENT","C:\RUNEFOGE_PRO\runeforge\app\_archive\source-zips\Sunshine-master\Sunshine-master\README.md","13.19","True"
"LOW_ARCHIVE_FALSE_POSITIVE_LIKELY","archive_or_vendor","PASSWORD_ASSIGNMENT","C:\RUNEFOGE_PRO\runeforge\app\_archive\source-zips\Sunshine-master\Sunshine-master\vite.config.js","3.05","True"
"LOW_ARCHIVE_FALSE_POSITIVE_LIKELY","archive_or_vendor","TOKEN_ASSIGNMENT","C:\RUNEFOGE_PRO\runeforge\app\_archive\source-zips\Sunshine-master\Sunshine-master\vite.config.js","3.05","True"
"LOW_ARCHIVE_FALSE_POSITIVE_LIKELY","archive_or_vendor","TOKEN_ASSIGNMENT","C:\RUNEFOGE_PRO\runeforge\app\_archive\source-zips\Sunshine-master\Sunshine-master\docs\api.md","2.9","True"
"LOW_ARCHIVE_FALSE_POSITIVE_LIKELY","archive_or_vendor","TOKEN_ASSIGNMENT","C:\RUNEFOGE_PRO\runeforge\app\_archive\source-zips\Sunshine-master\Sunshine-master\.github\workflows\ci-bundle.yml","0.74","True"
"LOW_ARCHIVE_FALSE_POSITIVE_LIKELY","archive_or_vendor","TOKEN_ASSIGNMENT","C:\RUNEFOGE_PRO\runeforge\app\_archive\source-zips\Sunshine-master\Sunshine-master\.github\workflows\ci-copr.yml","2.16","True"
"LOW_ARCHIVE_FALSE_POSITIVE_LIKELY","archive_or_vendor","TOKEN_ASSIGNMENT","C:\RUNEFOGE_PRO\runeforge\app\_archive\source-zips\Sunshine-master\Sunshine-master\.github\workflows\ci-homebrew.yml","9.26","True"
"LOW_ARCHIVE_FALSE_POSITIVE_LIKELY","archive_or_vendor","PASSWORD_ASSIGNMENT","C:\RUNEFOGE_PRO\runeforge\app\_archive\source-zips\Sunshine-master\Sunshine-master\.github\workflows\ci-macos.yml","10.03","True"
"LOW_ARCHIVE_FALSE_POSITIVE_LIKELY","archive_or_vendor","TOKEN_ASSIGNMENT","C:\RUNEFOGE_PRO\runeforge\app\_archive\source-zips\Sunshine-master\Sunshine-master\.github\workflows\ci-windows.yml","12.42","True"
"HIGH","env_file","TOKEN_ASSIGNMENT","C:\RUNEFOGE_PRO\RUNEFOGE_PRO\runeforge-v2-ready\runeforge-v2\.env","0.3","True"
"MEDIUM_CODE_CONFIG","code_config","TOKEN_ASSIGNMENT","C:\RUNEFOGE_PRO\RUNEFOGE_PRO\runeforge-v2-ready\runeforge-v2\src\core\auth.ts","0.41","True"
"MEDIUM_CODE_CONFIG","code_config","TOKEN_ASSIGNMENT","C:\RUNEFOGE_PRO\RUNEFOGE_PRO\runeforge-v2-ready\runeforge-v2\src\core\config.ts","1.05","True"
"HIGH","env_file","TOKEN_ASSIGNMENT","C:\RUNEFOGE_PRO\essential_only\essential_only\.env","1.04","True"
"REVIEW","unknown","TOKEN_ASSIGNMENT","C:\RUNEFOGE_PRO\essential_only\essential_only\README.md","1.61","True"
"REVIEW","unknown","TOKEN_ASSIGNMENT","C:\RUNEFOGE_PRO\essential_only\essential_only\src\env.ts","1.42","True"
"REVIEW","unknown","TOKEN_ASSIGNMENT","C:\RUNEFOGE_PRO\essential_only\essential_only\src\relay\whatsapp\router.ts","1.24","True"
