"Category","Name","FullPath","SizeMB","LastWrite"
"OTHER",".gitignore","C:\RUNEFOGE_PRO\runeforge\.gitignore","0.0001","25/04/2026 02:40:58 a. m."
"OTHER","Avances Tecnológicos, Operativos y de Mercado en Ingeniería Electrónica.xlsx","C:\RUNEFOGE_PRO\runeforge\Avances Tecnológicos, Operativos y de Mercado en Ingeniería Electrónica.xlsx","0.0097","19/04/2026 06:23:39 p. m."
"OTHER","estructura_cerrada.json","C:\RUNEFOGE_PRO\runeforge\estructura_cerrada.json","0.0004","19/04/2026 03:25:06 a. m."
"OTHER","NotebookLM Mind Map.png","C:\RUNEFOGE_PRO\runeforge\NotebookLM Mind Map.png","1.708","19/04/2026 06:24:50 p. m."
"OTHER","package-lock.json","C:\RUNEFOGE_PRO\runeforge\package-lock.json","0.0001","24/04/2026 02:58:14 a. m."
"DOCS","README CINER.txt","C:\RUNEFOGE_PRO\runeforge\README CINER.txt","0.0144","27/04/2026 01:50:46 a. m."
"DOCS","README_ESTRUCTURA.txt","C:\RUNEFOGE_PRO\runeforge\README_ESTRUCTURA.txt","0.0004","19/04/2026 03:25:06 a. m."
"OTHER","RUNEFORGE_PANEL_MINI.cmd","C:\RUNEFOGE_PRO\runeforge\RUNEFORGE_PANEL_MINI.cmd","0.0001","25/04/2026 02:21:41 a. m."
"OTHER","RUNEFORGE_PANEL.cmd","C:\RUNEFOGE_PRO\runeforge\RUNEFORGE_PANEL.cmd","0.0001","25/04/2026 02:12:48 a. m."
"OTHER","Runeforge_Tactical_Playbook.pptx","C:\RUNEFOGE_PRO\runeforge\Runeforge_Tactical_Playbook.pptx","18.3128","19/04/2026 06:23:17 p. m."
"OTHER",".env","C:\RUNEFOGE_PRO\runeforge\app\.env","0.0005","27/03/2026 07:04:56 a. m."
"OTHER",".env.example","C:\RUNEFOGE_PRO\runeforge\app\.env.example","0.0003","27/04/2026 02:17:55 a. m."
"OTHER",".gitignore","C:\RUNEFOGE_PRO\runeforge\app\.gitignore","0","20/03/2026 12:15:06 a. m."
"OTHER","backend.err.log","C:\RUNEFOGE_PRO\runeforge\app\backend.err.log","0","24/04/2026 03:11:53 a. m."
"OTHER","backend.out.log","C:\RUNEFOGE_PRO\runeforge\app\backend.out.log","0.0016","25/04/2026 02:59:33 a. m."
"OTHER","check-runeforge.ps1","C:\RUNEFOGE_PRO\runeforge\app\check-runeforge.ps1","0.0007","27/03/2026 07:04:56 a. m."
"OTHER","forge_ui_nexo_v_1_runeforge.jsx","C:\RUNEFOGE_PRO\runeforge\app\forge_ui_nexo_v_1_runeforge.jsx","0.0162","27/03/2026 01:28:19 a. m."
"OTHER","package-lock.json","C:\RUNEFOGE_PRO\runeforge\app\package-lock.json","0.0406","27/03/2026 01:17:01 a. m."
"CORE_BACKEND","package.json","C:\RUNEFOGE_PRO\runeforge\app\package.json","0.0006","20/03/2026 12:15:06 a. m."
"DOCS","README.md","C:\RUNEFOGE_PRO\runeforge\app\README.md","0.0007","20/03/2026 12:15:06 a. m."
"OTHER","validate_start.err.log","C:\RUNEFOGE_PRO\runeforge\app\validate_start.err.log","0.0011","19/04/2026 03:45:07 a. m."
"OTHER","validate_start.out.log","C:\RUNEFOGE_PRO\runeforge\app\validate_start.out.log","0.0015","19/04/2026 04:02:09 a. m."
"RUNTIME_DATA","runeforge.log","C:\RUNEFOGE_PRO\runeforge\app\data\logs\runeforge.log","0.0212","27/04/2026 02:44:10 a. m."
"OTHER","chat.log","C:\RUNEFOGE_PRO\runeforge\app\data\trace\chat.log","0.0037","24/04/2026 03:07:36 a. m."
"OTHER","ssh_repair_20260417_122033.log","C:\RUNEFOGE_PRO\runeforge\app\data\trace\ssh_repair_20260417_122033.log","0.0054","17/04/2026 12:20:59 p. m."
"OTHER","ssh_repair_20260417_122049.log","C:\RUNEFOGE_PRO\runeforge\app\data\trace\ssh_repair_20260417_122049.log","0.0034","17/04/2026 12:20:59 p. m."
"OTHER","runeforge-ssh-bootstrap.ps1","C:\RUNEFOGE_PRO\runeforge\app\ops\runeforge-ssh-bootstrap.ps1","0.0041","17/04/2026 12:10:31 p. m."
"OTHER","runeforge-ssh-repair-v2.ps1","C:\RUNEFOGE_PRO\runeforge\app\ops\runeforge-ssh-repair-v2.ps1","0.0051","17/04/2026 12:20:20 p. m."
"OTHER","check-game-host.ps1","C:\RUNEFOGE_PRO\runeforge\app\ops\games\check-game-host.ps1","0.0014","21/03/2026 09:07:58 p. m."
"OTHER","check-gpu.ps1","C:\RUNEFOGE_PRO\runeforge\app\ops\games\check-gpu.ps1","0.0001","21/03/2026 09:02:46 p. m."
"OTHER","check-network.ps1","C:\RUNEFOGE_PRO\runeforge\app\ops\games\check-network.ps1","0.0003","21/03/2026 09:02:46 p. m."
"OTHER","start-steam.ps1","C:\RUNEFOGE_PRO\runeforge\app\ops\games\start-steam.ps1","0.0004","21/03/2026 09:02:46 p. m."
"OTHER","start-sunshine.ps1","C:\RUNEFOGE_PRO\runeforge\app\ops\games\start-sunshine.ps1","0.0009","21/03/2026 09:07:58 p. m."
"OTHER","stop-sunshine.ps1","C:\RUNEFOGE_PRO\runeforge\app\ops\games\stop-sunshine.ps1","0.0005","21/03/2026 09:07:58 p. m."
"OTHER","index.html","C:\RUNEFOGE_PRO\runeforge\app\public\index.html","0.0013","19/04/2026 05:54:19 a. m."
"OTHER","start-runeforge.cmd","C:\RUNEFOGE_PRO\runeforge\app\retro\start-runeforge.cmd","0.0001","27/03/2026 07:04:56 a. m."
"OTHER","PlayniteInstaller.exe","C:\RUNEFOGE_PRO\runeforge\app\retro\frontends\playnite\PlayniteInstaller.exe","0.2444","22/03/2026 08:06:12 p. m."
"OTHER","padtest_ps2.elf","C:\RUNEFOGE_PRO\runeforge\app\retro\tools\ps2-bios-dumper\padtest_ps2.elf","0.1898","22/03/2026 08:02:28 p. m."
"OTHER","PS2dumperV2_bin.7z","C:\RUNEFOGE_PRO\runeforge\app\retro\tools\ps2-bios-dumper\PS2dumperV2_bin.7z","0.2812","22/03/2026 08:03:00 p. m."
"OTHER","PS2dumperV2_iso.7z","C:\RUNEFOGE_PRO\runeforge\app\retro\tools\ps2-bios-dumper\PS2dumperV2_iso.7z","0.4316","22/03/2026 08:03:08 p. m."
"OTHER","tools-bios-dumper-v2.tar.gz","C:\RUNEFOGE_PRO\runeforge\app\retro\tools\ps2-bios-dumper\tools-bios-dumper-v2.tar.gz","0.0003","22/03/2026 08:03:16 p. m."
"OTHER","tools-bios-dumper-v2.zip","C:\RUNEFOGE_PRO\runeforge\app\retro\tools\ps2-bios-dumper\tools-bios-dumper-v2.zip","0.0004","22/03/2026 08:03:12 p. m."
"OTHER","tools-tests-pad.tar.gz","C:\RUNEFOGE_PRO\runeforge\app\retro\tools\ps2-bios-dumper\tools-tests-pad.tar.gz","0.0003","22/03/2026 08:02:48 p. m."
"OTHER","tools-tests-pad.zip","C:\RUNEFOGE_PRO\runeforge\app\retro\tools\ps2-bios-dumper\tools-tests-pad.zip","0.0004","22/03/2026 08:02:44 p. m."
"OTHER",".nojekyll","C:\RUNEFOGE_PRO\runeforge\app\retro\_downloads\PPSSPPWindowsARM64\assets\debugger\.nojekyll","0","15/03/2026 11:53:07 a. m."
"SCRIPTS","dev.ps1","C:\RUNEFOGE_PRO\runeforge\app\scripts\dev.ps1","0","20/03/2026 12:15:06 a. m."
"SCRIPTS","start.ps1","C:\RUNEFOGE_PRO\runeforge\app\scripts\start.ps1","0","20/03/2026 12:15:06 a. m."
"CORE_BACKEND","app.js","C:\RUNEFOGE_PRO\runeforge\app\src\app.js","0.001","27/03/2026 12:51:28 a. m."
"CORE_BACKEND","server.js","C:\RUNEFOGE_PRO\runeforge\app\src\server.js","0.0007","25/04/2026 02:57:27 a. m."
"CORE_BACKEND","ai.client.js","C:\RUNEFOGE_PRO\runeforge\app\src\adapters\ai\ai.client.js","0.0002","20/03/2026 12:15:06 a. m."
"CORE_BACKEND","whatsapp.webhook.routes.js","C:\RUNEFOGE_PRO\runeforge\app\src\adapters\whatsapp\whatsapp.webhook.routes.js","0.0008","20/03/2026 12:15:06 a. m."
"CORE_BACKEND","env.js","C:\RUNEFOGE_PRO\runeforge\app\src\config\env.js","0.0012","25/04/2026 02:57:26 a. m."
"CORE_BACKEND","command-registry.js","C:\RUNEFOGE_PRO\runeforge\app\src\core\command-registry.js","0.0017","27/03/2026 07:04:56 a. m."
"CORE_BACKEND","beacon.routes.js","C:\RUNEFOGE_PRO\runeforge\app\src\modules\beacon\beacon.routes.js","0.0005","20/03/2026 12:15:06 a. m."
"CORE_BACKEND","chat.routes.js","C:\RUNEFOGE_PRO\runeforge\app\src\modules\chat\chat.routes.js","0.0005","27/03/2026 12:54:00 a. m."
"CORE_BACKEND","chat.service.js","C:\RUNEFOGE_PRO\runeforge\app\src\modules\chat\chat.service.js","0.0009","27/03/2026 12:55:32 a. m."
"CORE_BACKEND","chat.trace.js","C:\RUNEFOGE_PRO\runeforge\app\src\modules\chat\chat.trace.js","0.0003","27/03/2026 07:04:54 a. m."
"CORE_BACKEND","skill-router.js","C:\RUNEFOGE_PRO\runeforge\app\src\modules\chat\skill-router.js","0.0011","27/03/2026 12:57:16 a. m."
"CORE_BACKEND","general.js","C:\RUNEFOGE_PRO\runeforge\app\src\modules\chat\skills\general.js","0.0005","27/03/2026 07:04:54 a. m."
"CORE_BACKEND","system.js","C:\RUNEFOGE_PRO\runeforge\app\src\modules\chat\skills\system.js","0.0009","27/03/2026 07:04:54 a. m."
"CORE_BACKEND","telemetria.js","C:\RUNEFOGE_PRO\runeforge\app\src\modules\chat\skills\telemetria.js","0.0019","27/03/2026 07:04:54 a. m."
"CORE_BACKEND","codex.routes.js","C:\RUNEFOGE_PRO\runeforge\app\src\modules\codex\codex.routes.js","0.0002","20/03/2026 12:15:06 a. m."
"CORE_BACKEND","forge.routes.js","C:\RUNEFOGE_PRO\runeforge\app\src\modules\forge\forge.routes.js","0.0017","20/03/2026 12:15:06 a. m."
"CORE_BACKEND","relay.routes.js","C:\RUNEFOGE_PRO\runeforge\app\src\modules\relay\relay.routes.js","0.0005","20/03/2026 12:15:06 a. m."
"CORE_BACKEND","sentinel.routes.js","C:\RUNEFOGE_PRO\runeforge\app\src\modules\sentinel\sentinel.routes.js","0.0002","20/03/2026 12:15:06 a. m."
"CORE_BACKEND","trace.middleware.js","C:\RUNEFOGE_PRO\runeforge\app\src\modules\trace\trace.middleware.js","0.0004","20/03/2026 12:15:06 a. m."
"CORE_BACKEND","logger.js","C:\RUNEFOGE_PRO\runeforge\app\src\shared\logger.js","0.0007","20/03/2026 12:15:06 a. m."
"SCRIPTS","additional-install.sh","C:\RUNEFOGE_PRO\runeforge\app\_archive\source-zips\Sunshine-master\Sunshine-master\packaging\linux\flatpak\scripts\additional-install.sh","0.0008","21/03/2026 08:14:42 p. m."
"SCRIPTS","remove-additional-install.sh","C:\RUNEFOGE_PRO\runeforge\app\_archive\source-zips\Sunshine-master\Sunshine-master\packaging\linux\flatpak\scripts\remove-additional-install.sh","0.0004","21/03/2026 08:14:42 p. m."
"SCRIPTS","sunshine.sh","C:\RUNEFOGE_PRO\runeforge\app\_archive\source-zips\Sunshine-master\Sunshine-master\packaging\linux\flatpak\scripts\sunshine.sh","0.0003","21/03/2026 08:14:42 p. m."
"SCRIPTS","_locale.py","C:\RUNEFOGE_PRO\runeforge\app\_archive\source-zips\Sunshine-master\Sunshine-master\scripts\_locale.py","0.005","21/03/2026 08:14:42 p. m."
"SCRIPTS","linux_build.sh","C:\RUNEFOGE_PRO\runeforge\app\_archive\source-zips\Sunshine-master\Sunshine-master\scripts\linux_build.sh","0.0228","21/03/2026 08:14:42 p. m."
"SCRIPTS","macos_build.sh","C:\RUNEFOGE_PRO\runeforge\app\_archive\source-zips\Sunshine-master\Sunshine-master\scripts\macos_build.sh","0.0061","21/03/2026 08:14:42 p. m."
"SCRIPTS","update_clang_format.py","C:\RUNEFOGE_PRO\runeforge\app\_archive\source-zips\Sunshine-master\Sunshine-master\scripts\update_clang_format.py","0.0007","21/03/2026 08:14:42 p. m."
"SCRIPTS","convert_and_pack.sh","C:\RUNEFOGE_PRO\runeforge\app\_archive\source-zips\Sunshine-master\Sunshine-master\scripts\icons\convert_and_pack.sh","0.0019","21/03/2026 08:14:42 p. m."
"OTHER",".clang-format-ignore","C:\RUNEFOGE_PRO\runeforge\app\_archive\source-zips\Sunshine-master\Sunshine-master\third-party\.clang-format-ignore","0","21/03/2026 08:14:42 p. m."
"OTHER","01 Retumbe Phonk Oscuro.fac","C:\RUNEFOGE_PRO\runeforge\audio\01 Retumbe Phonk Oscuro.fac","0.0009","27/04/2026 12:03:22 a. m."
"OTHER","02 Retumbe Trap 808.fac","C:\RUNEFOGE_PRO\runeforge\audio\02 Retumbe Trap 808.fac","0.0009","27/04/2026 12:03:22 a. m."
"OTHER","03 Retumbe Terror Cinematico.fac","C:\RUNEFOGE_PRO\runeforge\audio\03 Retumbe Terror Cinematico.fac","0.0009","27/04/2026 12:03:22 a. m."
"OTHER","04 Retumbe Subwoofer Barra 2.1.fac","C:\RUNEFOGE_PRO\runeforge\audio\04 Retumbe Subwoofer Barra 2.1.fac","0.0009","27/04/2026 12:03:22 a. m."
"OTHER","05 Retumbe Gaming FPS.fac","C:\RUNEFOGE_PRO\runeforge\audio\05 Retumbe Gaming FPS.fac","0.0009","27/04/2026 12:03:22 a. m."
"OTHER","06 Retumbe Noche Bajo Controlado.fac","C:\RUNEFOGE_PRO\runeforge\audio\06 Retumbe Noche Bajo Controlado.fac","0.0009","27/04/2026 12:03:22 a. m."
"OTHER","07 Retumbe Carro Bass Boost.fac","C:\RUNEFOGE_PRO\runeforge\audio\07 Retumbe Carro Bass Boost.fac","0.0009","27/04/2026 12:03:22 a. m."
"OTHER","08 Retumbe Rock Metal Pesado.fac","C:\RUNEFOGE_PRO\runeforge\audio\08 Retumbe Rock Metal Pesado.fac","0.0009","27/04/2026 12:03:22 a. m."
"OTHER","09 Retumbe HipHop Clasico.fac","C:\RUNEFOGE_PRO\runeforge\audio\09 Retumbe HipHop Clasico.fac","0.0009","27/04/2026 12:03:22 a. m."
"OTHER","10 Retumbe Limpio Audifonos BT.fac","C:\RUNEFOGE_PRO\runeforge\audio\10 Retumbe Limpio Audifonos BT.fac","0.0009","27/04/2026 12:03:22 a. m."
"OTHER","11 Retumbe Maximo Cuidado.fac","C:\RUNEFOGE_PRO\runeforge\audio\11 Retumbe Maximo Cuidado.fac","0.0009","27/04/2026 12:03:22 a. m."
"OTHER","12 Retumbe Electronica Rave.fac","C:\RUNEFOGE_PRO\runeforge\audio\12 Retumbe Electronica Rave.fac","0.0009","27/04/2026 12:03:22 a. m."
"OTHER","Ajustes_FxSound_Retumbe_de_Miedo.docx","C:\RUNEFOGE_PRO\runeforge\audio\Ajustes_FxSound_Retumbe_de_Miedo.docx","0.0358","26/04/2026 05:54:31 p. m."
"OTHER","Pack_FxSound_Retumbe_Generos_Situaciones.zip","C:\RUNEFOGE_PRO\runeforge\audio\Pack_FxSound_Retumbe_Generos_Situaciones.zip","0.0057","26/04/2026 06:04:29 p. m."
"OTHER","Retumbe de Miedo.fac","C:\RUNEFOGE_PRO\runeforge\audio\Retumbe de Miedo.fac","0.0009","26/04/2026 05:56:57 p. m."
"OTHER","test.flac","C:\RUNEFOGE_PRO\runeforge\audio\test.flac","0.1201","26/04/2026 05:48:42 p. m."
"OTHER","test.mp3","C:\RUNEFOGE_PRO\runeforge\audio\test.mp3","0.3837","26/04/2026 05:48:50 p. m."
"OTHER","data.zip","C:\RUNEFOGE_PRO\runeforge\data\data.zip","0.1257","26/04/2026 02:21:59 a. m."
"OTHER","commander-db.json","C:\RUNEFOGE_PRO\runeforge\data\commander\commander-db.json","0.0014","24/04/2026 01:15:44 a. m."
"OTHER","commander-ops-memory.txt","C:\RUNEFOGE_PRO\runeforge\data\commander\commander-ops-memory.txt","0.0031","24/04/2026 07:31:57 p. m."
"OTHER","commander-trace.jsonl","C:\RUNEFOGE_PRO\runeforge\data\commander\commander-trace.jsonl","0.031","27/04/2026 02:46:27 a. m."
"OTHER","terminal-export-bridge.json","C:\RUNEFOGE_PRO\runeforge\data\commander\terminal-export-bridge.json","0.0008","24/04/2026 01:11:19 a. m."
"RUNTIME_DATA","capture_20260424_192341.txt","C:\RUNEFOGE_PRO\runeforge\data\commander\exports\capture_20260424_192341.txt","0.0004","24/04/2026 07:23:41 p. m."
"RUNTIME_DATA","capture_20260424_192604.txt","C:\RUNEFOGE_PRO\runeforge\data\commander\exports\capture_20260424_192604.txt","0.0005","24/04/2026 07:26:04 p. m."
"RUNTIME_DATA","capture_20260424_192800.txt","C:\RUNEFOGE_PRO\runeforge\data\commander\exports\capture_20260424_192800.txt","0.0015","24/04/2026 07:28:00 p. m."
"RUNTIME_DATA","capture_fix02a_source_read_20260425_025605.txt","C:\RUNEFOGE_PRO\runeforge\data\commander\exports\capture_fix02a_source_read_20260425_025605.txt","0.0033","27/04/2026 02:22:49 a. m."
"RUNTIME_DATA","latest-terminal-export.clean.txt","C:\RUNEFOGE_PRO\runeforge\data\commander\exports\latest-terminal-export.clean.txt","0.0033","27/04/2026 02:22:49 a. m."
"RUNTIME_DATA","latest-terminal-export.json","C:\RUNEFOGE_PRO\runeforge\data\commander\exports\latest-terminal-export.json","0.0005","24/04/2026 06:57:50 p. m."
"RUNTIME_DATA","latest-terminal-export.txt","C:\RUNEFOGE_PRO\runeforge\data\commander\exports\latest-terminal-export.txt","0.0033","27/04/2026 02:22:49 a. m."
"OTHER","code_backend_check.ps1","C:\RUNEFOGE_PRO\runeforge\data\commander\snippets\code_backend_check.ps1","0.0008","24/04/2026 01:04:37 a. m."
"OTHER","code_import_latest_terminal_export.ps1","C:\RUNEFOGE_PRO\runeforge\data\commander\snippets\code_import_latest_terminal_export.ps1","0.0002","24/04/2026 01:15:44 a. m."
"OTHER","code_import_open_latest_terminal_export.ps1","C:\RUNEFOGE_PRO\runeforge\data\commander\snippets\code_import_open_latest_terminal_export.ps1","0.0002","24/04/2026 01:15:44 a. m."
"OTHER","code_node_pm2_ports.ps1","C:\RUNEFOGE_PRO\runeforge\data\commander\snippets\code_node_pm2_ports.ps1","0.0008","24/04/2026 12:41:08 a. m."
"OTHER","code_secret_triage.ps1","C:\RUNEFOGE_PRO\runeforge\data\commander\snippets\code_secret_triage.ps1","0.0015","24/04/2026 01:04:37 a. m."
"OTHER","code_status_check.ps1","C:\RUNEFOGE_PRO\runeforge\data\commander\snippets\code_status_check.ps1","0.0006","24/04/2026 01:04:37 a. m."
"OTHER","memory_resume_v43_3_to_ahk_panel_v44.txt","C:\RUNEFOGE_PRO\runeforge\data\commander\snippets\memory_resume_v43_3_to_ahk_panel_v44.txt","0.0031","24/04/2026 07:31:57 p. m."
"MEMORY_PROMPT","prompt_analyze_latest_clean.txt","C:\RUNEFOGE_PRO\runeforge\data\commander\snippets\prompt_analyze_latest_clean.txt","0.0003","24/04/2026 07:42:10 p. m."
"MEMORY_PROMPT","prompt_analyze_latest_terminal_export.txt","C:\RUNEFOGE_PRO\runeforge\data\commander\snippets\prompt_analyze_latest_terminal_export.txt","0.0005","24/04/2026 01:15:44 a. m."
"MEMORY_PROMPT","prompt_canonical_matrix_v41.txt","C:\RUNEFOGE_PRO\runeforge\data\commander\snippets\prompt_canonical_matrix_v41.txt","0.0006","24/04/2026 12:41:08 a. m."
"MEMORY_PROMPT","prompt_code_injection_safe_v41.txt","C:\RUNEFOGE_PRO\runeforge\data\commander\snippets\prompt_code_injection_safe_v41.txt","0.0004","24/04/2026 12:41:08 a. m."
"MEMORY_PROMPT","prompt_memory_operator.txt","C:\RUNEFOGE_PRO\runeforge\data\commander\snippets\prompt_memory_operator.txt","0.0004","24/04/2026 01:04:37 a. m."
"MEMORY_PROMPT","prompt_memory_update.txt","C:\RUNEFOGE_PRO\runeforge\data\commander\snippets\prompt_memory_update.txt","0.0004","24/04/2026 07:42:10 p. m."
"MEMORY_PROMPT","prompt_security_audit.txt","C:\RUNEFOGE_PRO\runeforge\data\commander\snippets\prompt_security_audit.txt","0.0004","24/04/2026 01:04:37 a. m."
"MEMORY_PROMPT","prompt_security_review.txt","C:\RUNEFOGE_PRO\runeforge\data\commander\snippets\prompt_security_review.txt","0.0004","24/04/2026 07:42:10 p. m."
"MEMORY_PROMPT","prompt_v44_preflight_analysis.txt","C:\RUNEFOGE_PRO\runeforge\data\commander\snippets\prompt_v44_preflight_analysis.txt","0.0005","24/04/2026 07:42:10 p. m."
"OTHER","request_extraction_v41.txt","C:\RUNEFOGE_PRO\runeforge\data\commander\snippets\request_extraction_v41.txt","0.0006","24/04/2026 12:41:08 a. m."
"DOCS","docs.zip","C:\RUNEFOGE_PRO\runeforge\docs\docs.zip","0.007","24/04/2026 08:10:34 p. m."
"DOCS","PROMPT_ESTADO_ACTUAL_RUNEFORGE.txt","C:\RUNEFOGE_PRO\runeforge\docs\PROMPT_ESTADO_ACTUAL_RUNEFORGE.txt","0.0011","23/04/2026 11:53:33 p. m."
"DOCS","PROMPT_RESUME_RUNEFORGE_2026-04-24_V43.3_TO_AHK_PANEL_V44.txt","C:\RUNEFOGE_PRO\runeforge\docs\PROMPT_RESUME_RUNEFORGE_2026-04-24_V43.3_TO_AHK_PANEL_V44.txt","0.0007","24/04/2026 07:31:57 p. m."
"DOCS","RUNEFORGE_CURRENT_STATE_MEMORY.md","C:\RUNEFOGE_PRO\runeforge\docs\RUNEFORGE_CURRENT_STATE_MEMORY.md","0.0425","23/04/2026 11:53:33 p. m."
"DOCS","RUNEFORGE_MEMORY_CLAUSE_2026-04-24_V43.3.md","C:\RUNEFOGE_PRO\runeforge\docs\RUNEFORGE_MEMORY_CLAUSE_2026-04-24_V43.3.md","0.0012","24/04/2026 07:27:31 p. m."
"DOCS","RUNEFORGE_MEMORY_CLAUSE_2026-04-24_V43.5_PANEL_LAUNCHER.md","C:\RUNEFOGE_PRO\runeforge\docs\RUNEFORGE_MEMORY_CLAUSE_2026-04-24_V43.5_PANEL_LAUNCHER.md","0.0009","25/04/2026 02:15:27 a. m."
"DOCS","RUNEFORGE_MEMORY_CLAUSE_2026-04-24_V43.6_ADAPTIVE_PANEL.md","C:\RUNEFOGE_PRO\runeforge\docs\RUNEFORGE_MEMORY_CLAUSE_2026-04-24_V43.6_ADAPTIVE_PANEL.md","0.0008","25/04/2026 02:21:42 a. m."
"DOCS","RUNEFORGE_MEMORY_CLAUSE_2026-04-24_V43.6.1_AHK_CALLBACK_FIX.md","C:\RUNEFOGE_PRO\runeforge\docs\RUNEFORGE_MEMORY_CLAUSE_2026-04-24_V43.6.1_AHK_CALLBACK_FIX.md","0.0004","25/04/2026 02:27:11 a. m."
"DOCS","RUNEFORGE_MEMORY_CLAUSE_2026-04-25_SECURITY_FIX03F.md","C:\RUNEFOGE_PRO\runeforge\docs\RUNEFORGE_MEMORY_CLAUSE_2026-04-25_SECURITY_FIX03F.md","0.001","25/04/2026 04:22:35 a. m."
"DOCS","RUNEFORGE_RESUME_2026-04-24_V43.3_TO_AHK_PANEL_V44.md","C:\RUNEFOGE_PRO\runeforge\docs\RUNEFORGE_RESUME_2026-04-24_V43.3_TO_AHK_PANEL_V44.md","0.0031","24/04/2026 07:31:57 p. m."
"DOCS","backend_perfil.json","C:\RUNEFOGE_PRO\runeforge\docs\backend_perfil\backend_perfil.json","0.0003","19/04/2026 04:13:07 a. m."
"DOCS","chat_perfil.json","C:\RUNEFOGE_PRO\runeforge\docs\backend_perfil\chat_perfil.json","0.0003","19/04/2026 04:49:00 a. m."
"OTHER","Avances Tecnológicos, Operativos y de Mercado en Ingeniería Electrónica.xlsx","C:\RUNEFOGE_PRO\runeforge\runeforge\Avances Tecnológicos, Operativos y de Mercado en Ingeniería Electrónica.xlsx","0.0097","19/04/2026 06:23:39 p. m."
"OTHER","estructura_cerrada.json","C:\RUNEFOGE_PRO\runeforge\runeforge\estructura_cerrada.json","0.0004","19/04/2026 03:25:06 a. m."
"OTHER","NotebookLM Mind Map.png","C:\RUNEFOGE_PRO\runeforge\runeforge\NotebookLM Mind Map.png","1.708","19/04/2026 06:24:50 p. m."
"OTHER","package-lock.json","C:\RUNEFOGE_PRO\runeforge\runeforge\package-lock.json","0.0001","24/04/2026 02:58:14 a. m."
"DOCS","README_ESTRUCTURA.txt","C:\RUNEFOGE_PRO\runeforge\runeforge\README_ESTRUCTURA.txt","0.0004","19/04/2026 03:25:06 a. m."
"OTHER","Runeforge_Tactical_Playbook.pptx","C:\RUNEFOGE_PRO\runeforge\runeforge\Runeforge_Tactical_Playbook.pptx","18.3128","19/04/2026 06:23:17 p. m."
"OTHER",".env","C:\RUNEFOGE_PRO\runeforge\runeforge\app\.env","0.0005","27/03/2026 07:04:56 a. m."
"OTHER",".env.example","C:\RUNEFOGE_PRO\runeforge\runeforge\app\.env.example","0.0005","27/03/2026 07:04:56 a. m."
"OTHER",".gitignore","C:\RUNEFOGE_PRO\runeforge\runeforge\app\.gitignore","0","20/03/2026 12:15:06 a. m."
"OTHER","check-runeforge.ps1","C:\RUNEFOGE_PRO\runeforge\runeforge\app\check-runeforge.ps1","0.0007","27/03/2026 07:04:56 a. m."
"OTHER","forge_ui_nexo_v_1_runeforge.jsx","C:\RUNEFOGE_PRO\runeforge\runeforge\app\forge_ui_nexo_v_1_runeforge.jsx","0.0162","27/03/2026 01:28:19 a. m."
"OTHER","package-lock.json","C:\RUNEFOGE_PRO\runeforge\runeforge\app\package-lock.json","0.0406","27/03/2026 01:17:01 a. m."
"CORE_BACKEND","package.json","C:\RUNEFOGE_PRO\runeforge\runeforge\app\package.json","0.0006","20/03/2026 12:15:06 a. m."
"DOCS","README.md","C:\RUNEFOGE_PRO\runeforge\runeforge\app\README.md","0.0007","20/03/2026 12:15:06 a. m."
"OTHER","validate_start.err.log","C:\RUNEFOGE_PRO\runeforge\runeforge\app\validate_start.err.log","0.0011","19/04/2026 03:45:07 a. m."
"OTHER","validate_start.out.log","C:\RUNEFOGE_PRO\runeforge\runeforge\app\validate_start.out.log","0.0015","19/04/2026 04:02:09 a. m."
"RUNTIME_DATA","runeforge.log","C:\RUNEFOGE_PRO\runeforge\runeforge\app\data\logs\runeforge.log","0.0198","24/04/2026 03:15:59 a. m."
"OTHER","chat.log","C:\RUNEFOGE_PRO\runeforge\runeforge\app\data\trace\chat.log","0.0037","24/04/2026 03:07:36 a. m."
"OTHER","ssh_repair_20260417_122033.log","C:\RUNEFOGE_PRO\runeforge\runeforge\app\data\trace\ssh_repair_20260417_122033.log","0.0054","17/04/2026 12:20:59 p. m."
"OTHER","ssh_repair_20260417_122049.log","C:\RUNEFOGE_PRO\runeforge\runeforge\app\data\trace\ssh_repair_20260417_122049.log","0.0034","17/04/2026 12:20:59 p. m."
"OTHER","runeforge-ssh-bootstrap.ps1","C:\RUNEFOGE_PRO\runeforge\runeforge\app\ops\runeforge-ssh-bootstrap.ps1","0.0041","17/04/2026 12:10:31 p. m."
"OTHER","runeforge-ssh-repair-v2.ps1","C:\RUNEFOGE_PRO\runeforge\runeforge\app\ops\runeforge-ssh-repair-v2.ps1","0.0051","17/04/2026 12:20:20 p. m."
"OTHER","check-game-host.ps1","C:\RUNEFOGE_PRO\runeforge\runeforge\app\ops\games\check-game-host.ps1","0.0014","21/03/2026 09:07:58 p. m."
"OTHER","check-gpu.ps1","C:\RUNEFOGE_PRO\runeforge\runeforge\app\ops\games\check-gpu.ps1","0.0001","21/03/2026 09:02:46 p. m."
"OTHER","check-network.ps1","C:\RUNEFOGE_PRO\runeforge\runeforge\app\ops\games\check-network.ps1","0.0003","21/03/2026 09:02:46 p. m."
"OTHER","start-steam.ps1","C:\RUNEFOGE_PRO\runeforge\runeforge\app\ops\games\start-steam.ps1","0.0004","21/03/2026 09:02:46 p. m."
"OTHER","start-sunshine.ps1","C:\RUNEFOGE_PRO\runeforge\runeforge\app\ops\games\start-sunshine.ps1","0.0009","21/03/2026 09:07:58 p. m."
"OTHER","stop-sunshine.ps1","C:\RUNEFOGE_PRO\runeforge\runeforge\app\ops\games\stop-sunshine.ps1","0.0005","21/03/2026 09:07:58 p. m."
"OTHER","index.html","C:\RUNEFOGE_PRO\runeforge\runeforge\app\public\index.html","0.0013","19/04/2026 05:54:19 a. m."
"OTHER","start-runeforge.cmd","C:\RUNEFOGE_PRO\runeforge\runeforge\app\retro\start-runeforge.cmd","0.0001","27/03/2026 07:04:56 a. m."
"OTHER","PlayniteInstaller.exe","C:\RUNEFOGE_PRO\runeforge\runeforge\app\retro\frontends\playnite\PlayniteInstaller.exe","0.2444","22/03/2026 08:06:12 p. m."
"OTHER","padtest_ps2.elf","C:\RUNEFOGE_PRO\runeforge\runeforge\app\retro\tools\ps2-bios-dumper\padtest_ps2.elf","0.1898","22/03/2026 08:02:28 p. m."
"OTHER","PS2dumperV2_bin.7z","C:\RUNEFOGE_PRO\runeforge\runeforge\app\retro\tools\ps2-bios-dumper\PS2dumperV2_bin.7z","0.2812","22/03/2026 08:03:00 p. m."
"OTHER","PS2dumperV2_iso.7z","C:\RUNEFOGE_PRO\runeforge\runeforge\app\retro\tools\ps2-bios-dumper\PS2dumperV2_iso.7z","0.4316","22/03/2026 08:03:08 p. m."
"OTHER","tools-bios-dumper-v2.tar.gz","C:\RUNEFOGE_PRO\runeforge\runeforge\app\retro\tools\ps2-bios-dumper\tools-bios-dumper-v2.tar.gz","0.0003","22/03/2026 08:03:16 p. m."
"OTHER","tools-bios-dumper-v2.zip","C:\RUNEFOGE_PRO\runeforge\runeforge\app\retro\tools\ps2-bios-dumper\tools-bios-dumper-v2.zip","0.0004","22/03/2026 08:03:12 p. m."
"OTHER","tools-tests-pad.tar.gz","C:\RUNEFOGE_PRO\runeforge\runeforge\app\retro\tools\ps2-bios-dumper\tools-tests-pad.tar.gz","0.0003","22/03/2026 08:02:48 p. m."
"OTHER","tools-tests-pad.zip","C:\RUNEFOGE_PRO\runeforge\runeforge\app\retro\tools\ps2-bios-dumper\tools-tests-pad.zip","0.0004","22/03/2026 08:02:44 p. m."
"OTHER",".nojekyll","C:\RUNEFOGE_PRO\runeforge\runeforge\app\retro\_downloads\PPSSPPWindowsARM64\assets\debugger\.nojekyll","0","15/03/2026 11:53:07 a. m."
"SCRIPTS","dev.ps1","C:\RUNEFOGE_PRO\runeforge\runeforge\app\scripts\dev.ps1","0","20/03/2026 12:15:06 a. m."
"SCRIPTS","start.ps1","C:\RUNEFOGE_PRO\runeforge\runeforge\app\scripts\start.ps1","0","20/03/2026 12:15:06 a. m."
"CORE_BACKEND","app.js","C:\RUNEFOGE_PRO\runeforge\runeforge\app\src\app.js","0.001","27/03/2026 12:51:28 a. m."
"CORE_BACKEND","server.js","C:\RUNEFOGE_PRO\runeforge\runeforge\app\src\server.js","0.0007","19/04/2026 05:15:43 a. m."
"CORE_BACKEND","ai.client.js","C:\RUNEFOGE_PRO\runeforge\runeforge\app\src\adapters\ai\ai.client.js","0.0002","20/03/2026 12:15:06 a. m."
"CORE_BACKEND","whatsapp.webhook.routes.js","C:\RUNEFOGE_PRO\runeforge\runeforge\app\src\adapters\whatsapp\whatsapp.webhook.routes.js","0.0008","20/03/2026 12:15:06 a. m."
"CORE_BACKEND","env.js","C:\RUNEFOGE_PRO\runeforge\runeforge\app\src\config\env.js","0.0012","27/03/2026 07:04:56 a. m."
"CORE_BACKEND","command-registry.js","C:\RUNEFOGE_PRO\runeforge\runeforge\app\src\core\command-registry.js","0.0017","27/03/2026 07:04:56 a. m."
"CORE_BACKEND","beacon.routes.js","C:\RUNEFOGE_PRO\runeforge\runeforge\app\src\modules\beacon\beacon.routes.js","0.0005","20/03/2026 12:15:06 a. m."
"CORE_BACKEND","chat.routes.js","C:\RUNEFOGE_PRO\runeforge\runeforge\app\src\modules\chat\chat.routes.js","0.0005","27/03/2026 12:54:00 a. m."
"CORE_BACKEND","chat.service.js","C:\RUNEFOGE_PRO\runeforge\runeforge\app\src\modules\chat\chat.service.js","0.0009","27/03/2026 12:55:32 a. m."
"CORE_BACKEND","chat.trace.js","C:\RUNEFOGE_PRO\runeforge\runeforge\app\src\modules\chat\chat.trace.js","0.0003","27/03/2026 07:04:54 a. m."
"CORE_BACKEND","skill-router.js","C:\RUNEFOGE_PRO\runeforge\runeforge\app\src\modules\chat\skill-router.js","0.0011","27/03/2026 12:57:16 a. m."
"CORE_BACKEND","general.js","C:\RUNEFOGE_PRO\runeforge\runeforge\app\src\modules\chat\skills\general.js","0.0005","27/03/2026 07:04:54 a. m."
"CORE_BACKEND","system.js","C:\RUNEFOGE_PRO\runeforge\runeforge\app\src\modules\chat\skills\system.js","0.0009","27/03/2026 07:04:54 a. m."
"CORE_BACKEND","telemetria.js","C:\RUNEFOGE_PRO\runeforge\runeforge\app\src\modules\chat\skills\telemetria.js","0.0019","27/03/2026 07:04:54 a. m."
"CORE_BACKEND","codex.routes.js","C:\RUNEFOGE_PRO\runeforge\runeforge\app\src\modules\codex\codex.routes.js","0.0002","20/03/2026 12:15:06 a. m."
"CORE_BACKEND","forge.routes.js","C:\RUNEFOGE_PRO\runeforge\runeforge\app\src\modules\forge\forge.routes.js","0.0017","20/03/2026 12:15:06 a. m."
"CORE_BACKEND","relay.routes.js","C:\RUNEFOGE_PRO\runeforge\runeforge\app\src\modules\relay\relay.routes.js","0.0005","20/03/2026 12:15:06 a. m."
"CORE_BACKEND","sentinel.routes.js","C:\RUNEFOGE_PRO\runeforge\runeforge\app\src\modules\sentinel\sentinel.routes.js","0.0002","20/03/2026 12:15:06 a. m."
"CORE_BACKEND","trace.middleware.js","C:\RUNEFOGE_PRO\runeforge\runeforge\app\src\modules\trace\trace.middleware.js","0.0004","20/03/2026 12:15:06 a. m."
"CORE_BACKEND","logger.js","C:\RUNEFOGE_PRO\runeforge\runeforge\app\src\shared\logger.js","0.0007","20/03/2026 12:15:06 a. m."
"SCRIPTS","additional-install.sh","C:\RUNEFOGE_PRO\runeforge\runeforge\app\_archive\source-zips\Sunshine-master\Sunshine-master\packaging\linux\flatpak\scripts\additional-install.sh","0.0008","21/03/2026 08:14:42 p. m."
"SCRIPTS","remove-additional-install.sh","C:\RUNEFOGE_PRO\runeforge\runeforge\app\_archive\source-zips\Sunshine-master\Sunshine-master\packaging\linux\flatpak\scripts\remove-additional-install.sh","0.0004","21/03/2026 08:14:42 p. m."
"SCRIPTS","sunshine.sh","C:\RUNEFOGE_PRO\runeforge\runeforge\app\_archive\source-zips\Sunshine-master\Sunshine-master\packaging\linux\flatpak\scripts\sunshine.sh","0.0003","21/03/2026 08:14:42 p. m."
"SCRIPTS","_locale.py","C:\RUNEFOGE_PRO\runeforge\runeforge\app\_archive\source-zips\Sunshine-master\Sunshine-master\scripts\_locale.py","0.005","21/03/2026 08:14:42 p. m."
"SCRIPTS","linux_build.sh","C:\RUNEFOGE_PRO\runeforge\runeforge\app\_archive\source-zips\Sunshine-master\Sunshine-master\scripts\linux_build.sh","0.0228","21/03/2026 08:14:42 p. m."
"SCRIPTS","macos_build.sh","C:\RUNEFOGE_PRO\runeforge\runeforge\app\_archive\source-zips\Sunshine-master\Sunshine-master\scripts\macos_build.sh","0.0061","21/03/2026 08:14:42 p. m."
"SCRIPTS","update_clang_format.py","C:\RUNEFOGE_PRO\runeforge\runeforge\app\_archive\source-zips\Sunshine-master\Sunshine-master\scripts\update_clang_format.py","0.0007","21/03/2026 08:14:42 p. m."
"SCRIPTS","convert_and_pack.sh","C:\RUNEFOGE_PRO\runeforge\runeforge\app\_archive\source-zips\Sunshine-master\Sunshine-master\scripts\icons\convert_and_pack.sh","0.0019","21/03/2026 08:14:42 p. m."
"OTHER",".clang-format-ignore","C:\RUNEFOGE_PRO\runeforge\runeforge\app\_archive\source-zips\Sunshine-master\Sunshine-master\third-party\.clang-format-ignore","0","21/03/2026 08:14:42 p. m."
"OTHER","commander-db.json","C:\RUNEFOGE_PRO\runeforge\runeforge\data\commander\commander-db.json","0.0014","24/04/2026 01:15:44 a. m."
"OTHER","commander-ops-memory.txt","C:\RUNEFOGE_PRO\runeforge\runeforge\data\commander\commander-ops-memory.txt","0.0031","24/04/2026 07:31:57 p. m."
"OTHER","commander-trace.jsonl","C:\RUNEFOGE_PRO\runeforge\runeforge\data\commander\commander-trace.jsonl","0.0093","24/04/2026 08:04:54 p. m."
"OTHER","terminal-export-bridge.json","C:\RUNEFOGE_PRO\runeforge\runeforge\data\commander\terminal-export-bridge.json","0.0008","24/04/2026 01:11:19 a. m."
"RUNTIME_DATA","capture_20260424_192341.txt","C:\RUNEFOGE_PRO\runeforge\runeforge\data\commander\exports\capture_20260424_192341.txt","0.0004","24/04/2026 07:23:41 p. m."
"RUNTIME_DATA","capture_20260424_192604.txt","C:\RUNEFOGE_PRO\runeforge\runeforge\data\commander\exports\capture_20260424_192604.txt","0.0005","24/04/2026 07:26:04 p. m."
"RUNTIME_DATA","capture_20260424_192800.txt","C:\RUNEFOGE_PRO\runeforge\runeforge\data\commander\exports\capture_20260424_192800.txt","0.0015","24/04/2026 07:28:00 p. m."
"RUNTIME_DATA","latest-terminal-export.clean.txt","C:\RUNEFOGE_PRO\runeforge\runeforge\data\commander\exports\latest-terminal-export.clean.txt","0.0015","24/04/2026 07:28:00 p. m."
"RUNTIME_DATA","latest-terminal-export.json","C:\RUNEFOGE_PRO\runeforge\runeforge\data\commander\exports\latest-terminal-export.json","0.0005","24/04/2026 06:57:50 p. m."
"RUNTIME_DATA","latest-terminal-export.txt","C:\RUNEFOGE_PRO\runeforge\runeforge\data\commander\exports\latest-terminal-export.txt","0.0015","24/04/2026 07:28:00 p. m."
"OTHER","code_backend_check.ps1","C:\RUNEFOGE_PRO\runeforge\runeforge\data\commander\snippets\code_backend_check.ps1","0.0008","24/04/2026 01:04:37 a. m."
"OTHER","code_import_latest_terminal_export.ps1","C:\RUNEFOGE_PRO\runeforge\runeforge\data\commander\snippets\code_import_latest_terminal_export.ps1","0.0002","24/04/2026 01:15:44 a. m."
"OTHER","code_import_open_latest_terminal_export.ps1","C:\RUNEFOGE_PRO\runeforge\runeforge\data\commander\snippets\code_import_open_latest_terminal_export.ps1","0.0002","24/04/2026 01:15:44 a. m."
"OTHER","code_node_pm2_ports.ps1","C:\RUNEFOGE_PRO\runeforge\runeforge\data\commander\snippets\code_node_pm2_ports.ps1","0.0008","24/04/2026 12:41:08 a. m."
"OTHER","code_secret_triage.ps1","C:\RUNEFOGE_PRO\runeforge\runeforge\data\commander\snippets\code_secret_triage.ps1","0.0015","24/04/2026 01:04:37 a. m."
"OTHER","code_status_check.ps1","C:\RUNEFOGE_PRO\runeforge\runeforge\data\commander\snippets\code_status_check.ps1","0.0006","24/04/2026 01:04:37 a. m."
"OTHER","memory_resume_v43_3_to_ahk_panel_v44.txt","C:\RUNEFOGE_PRO\runeforge\runeforge\data\commander\snippets\memory_resume_v43_3_to_ahk_panel_v44.txt","0.0031","24/04/2026 07:31:57 p. m."
"MEMORY_PROMPT","prompt_analyze_latest_clean.txt","C:\RUNEFOGE_PRO\runeforge\runeforge\data\commander\snippets\prompt_analyze_latest_clean.txt","0.0003","24/04/2026 07:42:10 p. m."
"MEMORY_PROMPT","prompt_analyze_latest_terminal_export.txt","C:\RUNEFOGE_PRO\runeforge\runeforge\data\commander\snippets\prompt_analyze_latest_terminal_export.txt","0.0005","24/04/2026 01:15:44 a. m."
"MEMORY_PROMPT","prompt_canonical_matrix_v41.txt","C:\RUNEFOGE_PRO\runeforge\runeforge\data\commander\snippets\prompt_canonical_matrix_v41.txt","0.0006","24/04/2026 12:41:08 a. m."
"MEMORY_PROMPT","prompt_code_injection_safe_v41.txt","C:\RUNEFOGE_PRO\runeforge\runeforge\data\commander\snippets\prompt_code_injection_safe_v41.txt","0.0004","24/04/2026 12:41:08 a. m."
"MEMORY_PROMPT","prompt_memory_operator.txt","C:\RUNEFOGE_PRO\runeforge\runeforge\data\commander\snippets\prompt_memory_operator.txt","0.0004","24/04/2026 01:04:37 a. m."
"MEMORY_PROMPT","prompt_memory_update.txt","C:\RUNEFOGE_PRO\runeforge\runeforge\data\commander\snippets\prompt_memory_update.txt","0.0004","24/04/2026 07:42:10 p. m."
"MEMORY_PROMPT","prompt_security_audit.txt","C:\RUNEFOGE_PRO\runeforge\runeforge\data\commander\snippets\prompt_security_audit.txt","0.0004","24/04/2026 01:04:37 a. m."
"MEMORY_PROMPT","prompt_security_review.txt","C:\RUNEFOGE_PRO\runeforge\runeforge\data\commander\snippets\prompt_security_review.txt","0.0004","24/04/2026 07:42:10 p. m."
"MEMORY_PROMPT","prompt_v44_preflight_analysis.txt","C:\RUNEFOGE_PRO\runeforge\runeforge\data\commander\snippets\prompt_v44_preflight_analysis.txt","0.0005","24/04/2026 07:42:10 p. m."
"OTHER","request_extraction_v41.txt","C:\RUNEFOGE_PRO\runeforge\runeforge\data\commander\snippets\request_extraction_v41.txt","0.0006","24/04/2026 12:41:08 a. m."
"DOCS","PROMPT_ESTADO_ACTUAL_RUNEFORGE.txt","C:\RUNEFOGE_PRO\runeforge\runeforge\docs\PROMPT_ESTADO_ACTUAL_RUNEFORGE.txt","0.0011","23/04/2026 11:53:33 p. m."
"DOCS","PROMPT_RESUME_RUNEFORGE_2026-04-24_V43.3_TO_AHK_PANEL_V44.txt","C:\RUNEFOGE_PRO\runeforge\runeforge\docs\PROMPT_RESUME_RUNEFORGE_2026-04-24_V43.3_TO_AHK_PANEL_V44.txt","0.0007","24/04/2026 07:31:57 p. m."
"DOCS","RUNEFORGE_CURRENT_STATE_MEMORY.md","C:\RUNEFOGE_PRO\runeforge\runeforge\docs\RUNEFORGE_CURRENT_STATE_MEMORY.md","0.0425","23/04/2026 11:53:33 p. m."
"DOCS","RUNEFORGE_MEMORY_CLAUSE_2026-04-24_V43.3.md","C:\RUNEFOGE_PRO\runeforge\runeforge\docs\RUNEFORGE_MEMORY_CLAUSE_2026-04-24_V43.3.md","0.0012","24/04/2026 07:27:31 p. m."
"DOCS","RUNEFORGE_RESUME_2026-04-24_V43.3_TO_AHK_PANEL_V44.md","C:\RUNEFOGE_PRO\runeforge\runeforge\docs\RUNEFORGE_RESUME_2026-04-24_V43.3_TO_AHK_PANEL_V44.md","0.0031","24/04/2026 07:31:57 p. m."
"DOCS","backend_perfil.json","C:\RUNEFOGE_PRO\runeforge\runeforge\docs\backend_perfil\backend_perfil.json","0.0003","19/04/2026 04:13:07 a. m."
"DOCS","chat_perfil.json","C:\RUNEFOGE_PRO\runeforge\runeforge\docs\backend_perfil\chat_perfil.json","0.0003","19/04/2026 04:49:00 a. m."
"SCRIPTS","Import-LatestTerminalExport.ps1","C:\RUNEFOGE_PRO\runeforge\runeforge\scripts\Import-LatestTerminalExport.ps1","0.004","24/04/2026 06:54:55 p. m."
"SCRIPTS","Invoke-Runeforge-Capture.ps1","C:\RUNEFOGE_PRO\runeforge\runeforge\scripts\Invoke-Runeforge-Capture.ps1","0.0085","24/04/2026 07:35:53 p. m."
"SCRIPTS","Open-TerminalExportFolder.ps1","C:\RUNEFOGE_PRO\runeforge\runeforge\scripts\Open-TerminalExportFolder.ps1","0.0002","24/04/2026 01:11:18 a. m."
"SCRIPTS","Start-Runeforge-Commander-V41.ps1","C:\RUNEFOGE_PRO\runeforge\runeforge\scripts\Start-Runeforge-Commander-V41.ps1","0.0005","24/04/2026 01:04:37 a. m."
"SCRIPTS","Start-Runeforge-Commander-V42.ps1","C:\RUNEFOGE_PRO\runeforge\runeforge\scripts\Start-Runeforge-Commander-V42.ps1","0.0005","24/04/2026 01:22:09 a. m."
"SCRIPTS","Start-Runeforge-Commander-V43_4.ps1","C:\RUNEFOGE_PRO\runeforge\runeforge\scripts\Start-Runeforge-Commander-V43_4.ps1","0.0005","24/04/2026 07:35:55 p. m."
"SCRIPTS","Start-Runeforge-Commander-V43_5.ps1","C:\RUNEFOGE_PRO\runeforge\runeforge\scripts\Start-Runeforge-Commander-V43_5.ps1","0.0006","24/04/2026 07:48:15 p. m."
"SCRIPTS","Start-Runeforge-Shell.ps1","C:\RUNEFOGE_PRO\runeforge\runeforge\scripts\Start-Runeforge-Shell.ps1","0.0116","24/04/2026 07:02:08 p. m."
"SCRIPTS","Stop-Runeforge-Watcher.ps1","C:\RUNEFOGE_PRO\runeforge\runeforge\scripts\Stop-Runeforge-Watcher.ps1","0.0004","24/04/2026 06:45:40 p. m."
"SCRIPTS","Watch-TerminalExport.ps1","C:\RUNEFOGE_PRO\runeforge\runeforge\scripts\Watch-TerminalExport.ps1","0.0038","24/04/2026 06:45:40 p. m."
"SCRIPTS","RUNEFORGE_COMMANDER_V41_GHOST_FUSION.ahk","C:\RUNEFOGE_PRO\runeforge\runeforge\scripts\ahk\RUNEFORGE_COMMANDER_V41_GHOST_FUSION.ahk","0.0137","24/04/2026 12:41:10 a. m."
"SCRIPTS","RUNEFORGE_COMMANDER_V42_EXPORT_BRIDGE.ahk","C:\RUNEFOGE_PRO\runeforge\runeforge\scripts\ahk\RUNEFORGE_COMMANDER_V42_EXPORT_BRIDGE.ahk","0.0143","24/04/2026 01:22:09 a. m."
"SCRIPTS","RUNEFORGE_COMMANDER_V43_4_CLEAN_OPS.ahk","C:\RUNEFOGE_PRO\runeforge\runeforge\scripts\ahk\RUNEFORGE_COMMANDER_V43_4_CLEAN_OPS.ahk","0.0062","24/04/2026 07:35:54 p. m."
"SCRIPTS","RUNEFORGE_COMMANDER_V43_5_CLEAN_OPS_FUSION.ahk","C:\RUNEFOGE_PRO\runeforge\runeforge\scripts\ahk\RUNEFORGE_COMMANDER_V43_5_CLEAN_OPS_FUSION.ahk","0.0121","24/04/2026 07:47:01 p. m."
"SCRIPTS","backend.pid","C:\RUNEFOGE_PRO\runeforge\runeforge\scripts\backend\backend.pid","0","19/04/2026 05:50:35 a. m."
"SCRIPTS","backend.port","C:\RUNEFOGE_PRO\runeforge\runeforge\scripts\backend\backend.port","0","19/04/2026 05:50:35 a. m."
"SCRIPTS","start-backend.ps1","C:\RUNEFOGE_PRO\runeforge\runeforge\scripts\backend\start-backend.ps1","0.0013","19/04/2026 04:01:29 a. m."
"SCRIPTS","stop-backend.ps1","C:\RUNEFOGE_PRO\runeforge\runeforge\scripts\backend\stop-backend.ps1","0.0005","19/04/2026 04:01:29 a. m."
"SCRIPTS","validate-backend.ps1","C:\RUNEFOGE_PRO\runeforge\runeforge\scripts\backend\validate-backend.ps1","0.0004","19/04/2026 04:01:29 a. m."
"SCRIPTS","Import-LatestTerminalExport.ps1","C:\RUNEFOGE_PRO\runeforge\scripts\Import-LatestTerminalExport.ps1","0.004","24/04/2026 06:54:55 p. m."
"SCRIPTS","Invoke-ProjectComparator.ps1","C:\RUNEFOGE_PRO\runeforge\scripts\Invoke-ProjectComparator.ps1","0.0058","27/04/2026 01:18:24 a. m."
"SCRIPTS","Invoke-Runeforge-Capture.ps1","C:\RUNEFOGE_PRO\runeforge\scripts\Invoke-Runeforge-Capture.ps1","0.0085","24/04/2026 07:35:53 p. m."
"SCRIPTS","Invoke-RuneforgeInventoryAudit.ps1","C:\RUNEFOGE_PRO\runeforge\scripts\Invoke-RuneforgeInventoryAudit.ps1","0.0132","27/04/2026 01:58:47 a. m."
"SCRIPTS","Invoke-RuneforgeInventoryAudit.ps1.bak_20260427_015459","C:\RUNEFOGE_PRO\runeforge\scripts\Invoke-RuneforgeInventoryAudit.ps1.bak_20260427_015459","0.0125","27/04/2026 01:53:42 a. m."
"SCRIPTS","Invoke-RuneforgeInventoryAudit.ps1.bak_broken_20260427_015845","C:\RUNEFOGE_PRO\runeforge\scripts\Invoke-RuneforgeInventoryAudit.ps1.bak_broken_20260427_015845","0.0126","27/04/2026 01:54:59 a. m."
"SCRIPTS","Open-TerminalExportFolder.ps1","C:\RUNEFOGE_PRO\runeforge\scripts\Open-TerminalExportFolder.ps1","0.0002","24/04/2026 01:11:18 a. m."
"SCRIPTS","Start-Runeforge-Commander-V41.ps1","C:\RUNEFOGE_PRO\runeforge\scripts\Start-Runeforge-Commander-V41.ps1","0.0005","24/04/2026 01:04:37 a. m."
"SCRIPTS","Start-Runeforge-Commander-V42.ps1","C:\RUNEFOGE_PRO\runeforge\scripts\Start-Runeforge-Commander-V42.ps1","0.0005","24/04/2026 01:22:09 a. m."
"SCRIPTS","Start-Runeforge-Commander-V43_4.ps1","C:\RUNEFOGE_PRO\runeforge\scripts\Start-Runeforge-Commander-V43_4.ps1","0.0005","24/04/2026 07:35:55 p. m."
"SCRIPTS","Start-Runeforge-Commander-V43_5.ps1","C:\RUNEFOGE_PRO\runeforge\scripts\Start-Runeforge-Commander-V43_5.ps1","0.0008","25/04/2026 02:12:48 a. m."
"SCRIPTS","Start-Runeforge-Panel.ps1","C:\RUNEFOGE_PRO\runeforge\scripts\Start-Runeforge-Panel.ps1","0.0011","25/04/2026 02:21:41 a. m."
"SCRIPTS","Start-Runeforge-Shell.ps1","C:\RUNEFOGE_PRO\runeforge\scripts\Start-Runeforge-Shell.ps1","0.0137","25/04/2026 02:27:11 a. m."
"SCRIPTS","Stop-Runeforge-Watcher.ps1","C:\RUNEFOGE_PRO\runeforge\scripts\Stop-Runeforge-Watcher.ps1","0.0004","24/04/2026 06:45:40 p. m."
"SCRIPTS","Watch-TerminalExport.ps1","C:\RUNEFOGE_PRO\runeforge\scripts\Watch-TerminalExport.ps1","0.0038","24/04/2026 06:45:40 p. m."
"SCRIPTS","RUNEFORGE_COMMANDER_V41_GHOST_FUSION.ahk","C:\RUNEFOGE_PRO\runeforge\scripts\ahk\RUNEFORGE_COMMANDER_V41_GHOST_FUSION.ahk","0.0137","24/04/2026 12:41:10 a. m."
"SCRIPTS","RUNEFORGE_COMMANDER_V42_EXPORT_BRIDGE.ahk","C:\RUNEFOGE_PRO\runeforge\scripts\ahk\RUNEFORGE_COMMANDER_V42_EXPORT_BRIDGE.ahk","0.0143","24/04/2026 01:22:09 a. m."
"SCRIPTS","RUNEFORGE_COMMANDER_V43_4_CLEAN_OPS.ahk","C:\RUNEFOGE_PRO\runeforge\scripts\ahk\RUNEFORGE_COMMANDER_V43_4_CLEAN_OPS.ahk","0.0062","24/04/2026 07:35:54 p. m."
"SCRIPTS","RUNEFORGE_COMMANDER_V43_5_CLEAN_OPS_FUSION.ahk","C:\RUNEFOGE_PRO\runeforge\scripts\ahk\RUNEFORGE_COMMANDER_V43_5_CLEAN_OPS_FUSION.ahk","0.0133","25/04/2026 02:27:11 a. m."
"SCRIPTS","RUNEFORGE_COMMANDER_V43_6_QUICK_DOCK.ahk","C:\RUNEFOGE_PRO\runeforge\scripts\ahk\RUNEFORGE_COMMANDER_V43_6_QUICK_DOCK.ahk","0.0064","25/04/2026 02:21:41 a. m."
"SCRIPTS","backend.pid","C:\RUNEFOGE_PRO\runeforge\scripts\backend\backend.pid","0","19/04/2026 05:50:35 a. m."
"SCRIPTS","backend.port","C:\RUNEFOGE_PRO\runeforge\scripts\backend\backend.port","0","19/04/2026 05:50:35 a. m."
"SCRIPTS","start-backend.ps1","C:\RUNEFOGE_PRO\runeforge\scripts\backend\start-backend.ps1","0.0013","19/04/2026 04:01:29 a. m."
"SCRIPTS","stop-backend.ps1","C:\RUNEFOGE_PRO\runeforge\scripts\backend\stop-backend.ps1","0.0005","19/04/2026 04:01:29 a. m."
"SCRIPTS","validate-backend.ps1","C:\RUNEFOGE_PRO\runeforge\scripts\backend\validate-backend.ps1","0.0004","19/04/2026 04:01:29 a. m."
